account_id,state,type,balance,created_date,account_users,account_tier
1c00b842-801a-4fb3-8b75-055f234a5f5a,Arizona,INS04,1310351,4/28/2022,9,gold
dfa198b4-24bd-42d0-86dd-ded418be0a33,Tennessee,INV021,1055369,9/13/2022,7,silver
fdc7207b-d20f-4bee-8d0d-b9f06e250768,Florida,FIN013,1360902,5/16/2023,4,gold
e64bdb05-a6bc-4ac9-b8fa-9d456ff92bd7,Texas,FIN013,1313147,11/29/2022,5,platinum
03e55c70-1b1f-42bc-a739-148d9a6f8f1e,Arizona,FIN019,1015473,2/1/2023,3,employee
3e96b076-7208-4fb8-acff-d9c9aef491d6,Georgia,INS04,1300862,5/19/2023,8,platinum
21d1c76c-55e0-4d83-a740-cb096198bb7c,Nevada,INS05,1147699,11/19/2022,7,employee
afcaca65-a0a8-492e-b303-b8084a878f90,Texas,INS05,1280923,7/28/2023,6,silver
8f28322f-1ab6-4c89-a4e4-951bbad36928,Michigan,FIN013,92738,8/3/2023,7,bronze
1d114f73-67ed-43ae-9533-d02d7307c099,Oklahoma,FIN014,642415,3/7/2023,5,gold
d44c1b12-0239-4ca0-b3c6-271c55431341,Louisiana,FIN018,1062960,6/29/2022,3,silver
eb7cdf19-3dfb-4650-a45b-f7a43977f783,Minnesota,INS011,439144,7/8/2022,4,bronze
b38f5a15-02d5-4a6b-aa4a-5c31ca94290d,Nevada,INS06,308036,2/2/2022,6,silver
6cffcfe4-357a-457f-ba06-b9036be2c12a,California,INS08,1145631,3/31/2022,10,bronze
06847d6d-6515-4565-9a6c-2ea3ecf98519,Virginia,INV023,720408,2/25/2022,9,silver
eab57364-78bf-4eb1-9575-e69c80b6ee03,Georgia,INV024,796272,1/5/2023,3,silver
7e4a4b18-a2cd-46c7-83a8-e7a1f5e4eedb,Alabama,FIN015,26154,4/30/2022,1,platinum
bfb5c30e-4b2d-4bd3-972d-624ebc86f3e8,New York,INS02,421619,7/18/2022,10,platinum
95fd05e9-402b-422c-a334-5797130100dd,Colorado,INS08,1194866,9/16/2022,7,gold
6338ed0b-eac4-4edc-aed6-7b36a82a6e1f,Kentucky,FIN019,598105,6/8/2022,3,silver
6c90f2b4-e46b-4f5f-b393-3632a85bde17,North Carolina,FIN014,205767,4/14/2022,7,platinum
f3ecc59d-b049-49ac-b892-ca0b02384d67,District of Columbia,INS05,80808,10/21/2022,9,bronze
2642a1c1-39cf-45b0-ac37-898690a2f833,Nevada,INS05,393719,8/4/2022,10,employee
2906cecf-b6c8-471e-9b7e-0a597ee8568a,California,INS07,535290,6/17/2022,10,platinum
b453afb6-d917-4519-96e2-7e89035ad777,Missouri,INS04,1082572,8/7/2022,1,silver
e8e6bc0d-99eb-41ce-b1cd-4cd25cb128de,New York,INV021,827868,4/5/2022,2,bronze
5f33124d-2484-4c94-88b8-22475befbd3a,Texas,INS08,432622,7/24/2022,3,gold
7a00e332-23d2-469b-bde9-87252c0536b8,California,FIN014,1464809,4/1/2022,9,bronze
5e5d942e-a734-4d76-9302-4fbaf5c8c913,Texas,INV022,766955,2/18/2022,2,platinum
60f2711d-3ce7-4bde-8547-40dd0a58909f,New Jersey,INV020,21139,11/28/2022,6,bronze
43dfff46-1886-4d85-9434-47b30c9231d9,Texas,FIN017,1414205,11/25/2022,1,gold
79093e04-f22c-4415-a08b-a8e341df03b8,Wisconsin,INS012,379347,7/7/2023,2,gold
40361600-9480-4a8d-b5dd-0fcf1cc88d3c,Indiana,INS08,1149264,11/1/2022,10,silver
6d3b41a7-31b3-45b4-813f-df0c2915c726,Texas,INS011,255555,9/5/2022,2,silver
3e54b5d3-93cd-44cd-8ae4-880f0dd70697,Nevada,FIN015,314435,4/21/2023,5,employee
9377a763-a283-4ca8-99b0-d06038be15f7,West Virginia,INV025,1323019,8/25/2022,2,employee
84c7e633-faef-4ca6-b040-251a7a18d9eb,Georgia,INS04,840476,10/1/2022,5,gold
fe236332-79e3-43e3-8e9b-91a82a46398d,Pennsylvania,INV022,374050,1/6/2022,5,silver
eb74ab57-65e8-4e3a-bbef-e57460b7734f,New York,INS04,1138567,11/11/2022,10,silver
06587032-81fe-4011-8b2c-21feb27efafc,South Dakota,FIN013,471947,1/10/2022,10,employee
3cbadeec-3e68-4d89-ac39-d96093d305a1,District of Columbia,INS05,1371078,1/2/2023,10,gold
d6d898a4-93e8-42c8-8fcb-a6b0ded70a15,District of Columbia,FIN017,792900,9/20/2022,9,bronze
a42d76de-0301-42a8-81f3-ac5a1ccee153,Pennsylvania,INS03,417844,6/6/2022,4,employee
c102db30-9c07-413b-ac9c-915957e8a121,Alabama,INV022,975482,2/12/2023,9,platinum
4ab16856-d09f-4db9-8787-6b733b40a4bd,New York,INV022,1333484,8/16/2022,3,employee
dcd28fb1-ecc5-4cea-8770-d71a77268323,Florida,FIN013,406626,6/5/2023,1,gold
16babe13-b04b-429b-ac64-337b10af57bc,Minnesota,INV025,578155,5/3/2023,6,gold
879b08c2-796a-4092-b987-c234cd13b921,Maryland,FIN016,1408459,5/27/2022,4,employee
de325625-d86a-414a-9482-cf08c283b6aa,California,INV023,1278840,7/15/2023,5,bronze
e206aee5-6898-45ef-a90d-25468d4ac6ec,Georgia,INS04,430480,5/13/2022,9,silver
e1113b43-72f7-4071-ba18-6e59e74761bb,New York,FIN019,6422,11/7/2022,4,platinum
b0631125-6784-45a1-abc4-b08c35353a95,Florida,INS04,532770,8/26/2023,5,gold
2033ac1f-3095-4b55-bf8d-770cbc4a73b4,Wisconsin,FIN016,1482764,2/7/2022,10,silver
f10f36ee-f304-447f-971f-32384a1b3b84,Virginia,FIN015,1105389,1/10/2022,5,silver
dfd4b130-3646-4739-b199-9bb097ce112b,Florida,INS09,1130818,5/18/2023,1,silver
68de47bb-8630-4ad6-ace3-d9041909d267,South Carolina,INS010,544610,5/12/2022,1,gold
33a0a8fb-150e-4a1c-902e-c583a5160ca4,Kentucky,INV020,1084215,6/2/2022,1,employee
1c5eef49-1a1f-4b43-993d-608ac64cdf2f,Ohio,INS04,17531,7/3/2023,10,gold
0f83b8a4-09db-4890-b89c-a34c4a8422f4,Kentucky,FIN015,1276846,1/24/2022,9,employee
1ad908e8-4e07-4785-9d18-d5d322df18db,Connecticut,FIN015,1003047,7/23/2023,1,silver
aab2407f-70c8-4fde-8722-2949822d7f8f,Texas,FIN016,111709,5/21/2022,6,bronze
f7ad0f2a-e28d-4308-a90f-ec8b49759344,Florida,INS04,5689,4/16/2022,2,gold
f936bb04-e683-4d70-81f4-aa4e77a790d9,Florida,INS08,746374,7/14/2022,2,employee
19cd994e-e6a7-4aff-809b-4f71244af07b,Oklahoma,INS08,2832,8/20/2023,9,silver
ef4d27d9-ede5-44f8-8f7e-7e99ed467a18,Ohio,FIN019,862422,3/21/2022,5,gold
71464ff8-2e0d-4fa8-a599-e347dd0be2fe,New Jersey,INV021,1001563,7/10/2022,9,bronze
32978068-85cf-44d4-b8ed-e5e8219ea79e,California,FIN015,1015009,2/25/2023,8,employee
a84c7c25-a066-4479-b59a-309d6d2b8474,Indiana,INS03,715665,9/2/2022,3,gold
c10a4fba-f7c1-4861-9265-420e434d51ac,Texas,INS09,150350,5/13/2023,7,bronze
d35b599b-6885-43f3-a560-45f0aed3a601,Texas,INS09,818203,5/28/2023,5,bronze
6ff2c760-8818-4e74-95cf-6e5027bb8f3b,Alabama,INV023,253005,11/13/2022,2,silver
c39e172b-e288-40de-b46b-49a6c9178d82,Texas,INS04,246011,7/25/2022,5,silver
45e9c335-7b52-43a5-8c7a-1dec2bacdfc2,Pennsylvania,INS011,256241,3/28/2023,3,platinum
1337bbf2-bfec-41dc-b409-e1c7c58c4d42,Arizona,FIN013,415556,5/24/2022,1,silver
c709b653-4428-4498-aed8-97f404f0ef75,Georgia,INS06,1471231,11/24/2022,7,platinum
4aae0c63-ef86-490c-a34e-aa97551e185f,California,FIN017,46816,7/13/2023,2,gold
3876c816-fc10-413b-8258-6b42f1737ad2,Florida,FIN014,1139760,2/26/2023,8,employee
b23d582b-0a33-40f1-be5f-63569b5beb5d,West Virginia,FIN018,389387,5/15/2022,5,bronze
3eb477ef-ed67-4dd2-afd4-24a6114038cc,Ohio,INS03,682028,7/19/2022,9,employee
fd778515-e9a9-4ce1-906d-adc3fc3bb38e,Washington,INS08,850808,3/29/2023,2,employee
252bd36b-a88e-4ec9-ac46-dea8fb4f2b85,New York,INS010,604759,5/19/2022,7,platinum
0da282ca-1817-4309-a708-febd3f303e84,Missouri,INS011,644207,5/18/2022,10,silver
e77dbcea-0a8d-4a07-bd96-e07f7a8b16be,Texas,INS04,1172369,7/7/2022,4,silver
7756b7f7-8612-4bc4-9c66-e8594eb19185,Georgia,INS012,1328527,2/28/2022,7,silver
ae60770f-69bb-4e8d-ad12-6473a7ddeedf,District of Columbia,INV020,957656,6/12/2023,5,platinum
b0fc7fbe-5801-46a7-9878-6295ce2a2fc9,Texas,FIN015,1395941,5/13/2022,9,gold
ebf5100d-865d-4573-96a2-c0920c5e0ba1,Massachusetts,INS05,1226200,1/20/2022,1,employee
acedebc5-c3c8-4ed8-bf75-66af1f7c391c,Texas,INS06,227863,3/20/2023,2,platinum
acc7bd23-c436-4228-a49a-9fb1f6357c32,District of Columbia,INS05,1166365,1/6/2022,2,gold
a3747eb7-2d81-4568-b0f9-0bfd39956afa,New Jersey,INV025,172435,5/19/2022,3,silver
2e07846c-35f1-4a15-9278-ddd8d49e932a,Nebraska,FIN017,603610,3/17/2022,2,employee
1bbbd71b-1170-4f4d-8b20-87e32162e044,Delaware,INS06,329858,4/9/2023,10,employee
78f08b3a-a5cd-4fb0-96e3-4fd3c4db4ae9,Florida,FIN013,238997,6/30/2022,8,gold
5e63eaef-81c3-47b4-a939-7810c57e8601,Missouri,INS012,1047080,2/21/2023,3,employee
02e520d6-bdf7-460a-a74c-effaf490af2e,Illinois,INS08,384410,4/21/2022,3,silver
dec2762b-0505-4101-9867-94a4b2cfa328,Texas,FIN014,694202,9/6/2022,6,silver
6cda2c5c-e770-4c1c-b2c0-5e299ad6a982,Colorado,INS09,495963,7/22/2022,4,platinum
1185b27a-c7af-4882-a67b-23ae467fd8f5,Ohio,FIN016,1030840,10/3/2022,4,bronze
7137df4b-bac4-4196-bce8-7c56a24a103d,Illinois,FIN014,299712,3/4/2022,10,platinum
2fae9116-896d-46f3-8337-b57d8e149e66,Georgia,INS07,891229,9/13/2022,4,bronze
f611af7b-c099-45e5-b074-d5d79a800779,Ohio,INS011,736133,2/7/2022,7,platinum
fc325493-6b78-4929-97a7-4a32c7be9e27,Delaware,FIN017,947714,7/25/2023,4,gold
253a42e8-ef15-4b94-9e29-cedd5fe6888c,California,INV021,1188306,8/3/2022,6,platinum
2942b270-645d-409a-997b-ed3c0da4e7a1,Michigan,INS05,1481107,1/18/2022,4,gold
b088b435-1a9d-4e1e-ae0f-48476d0c060b,District of Columbia,FIN019,958760,2/21/2023,9,bronze
25c9a169-c9d8-4726-b660-01e2b1d875e1,Colorado,FIN014,1033465,10/14/2022,1,platinum
87eb9c2a-ddf3-4784-ab6d-9fbd74d886fe,Kentucky,INV021,750231,2/9/2022,1,silver
fad47a66-8cb7-45d0-8db5-14cf1eae1269,Illinois,INS08,512849,1/25/2023,4,bronze
4dd32460-36ee-4570-a053-a720933b7172,Iowa,INV020,534108,1/17/2023,3,employee
d169e495-243b-4d94-8254-8b3c9b0e6d29,Texas,FIN018,894077,5/24/2022,2,gold
617cd600-4dc4-4861-a05c-79efd0544520,Colorado,INS07,1250236,12/19/2022,9,gold
f4a1f80d-039c-48f1-ad3d-ce8bce8553c2,California,INS07,1084807,4/13/2022,9,gold
069c6ceb-5c10-4e49-a73a-e5bd8526e2ee,Minnesota,INV021,926260,12/3/2022,4,employee
a80a92e3-5be5-47d6-8789-4af1d50574ff,Florida,INS02,341327,6/12/2023,3,bronze
ae8a52af-3426-4271-9fcf-e7dea5ec5350,California,INS010,136094,9/4/2022,2,employee
52a162a7-8877-4301-90d5-50403d517961,West Virginia,INV021,268969,1/7/2023,9,employee
31563a6d-8719-40cd-b8ab-856e095144a5,Kansas,FIN015,1416303,3/29/2023,3,employee
d636eff3-9a7c-4a3f-a8c5-cf15799e46d4,New York,FIN017,627960,2/13/2022,4,platinum
31054738-df86-4c68-96e7-ba95e623f9f4,Georgia,INV024,609843,9/26/2022,7,platinum
cdd982cc-61a6-4520-9091-327f942f591e,Colorado,INS02,27418,12/6/2022,10,bronze
29e173ea-d56f-4b9e-a111-f06a569bcd1e,New York,INS02,745303,10/10/2022,4,platinum
ea16b926-6f30-461a-85f8-9f94313355b6,Pennsylvania,INV022,715343,9/16/2022,10,employee
f5b0c9a3-d9e2-4d8b-ade3-9eb46eb1bc52,Louisiana,INS012,685101,7/14/2023,10,bronze
bd8e6bb1-9233-487a-b992-e34072efefd6,Illinois,INV023,914261,10/14/2022,9,employee
65e8028f-8071-4e18-8b77-e0ec22c081f6,West Virginia,FIN017,570555,2/26/2022,2,employee
ca5ee21f-a466-40de-ab6d-26612ec7574a,Oregon,INS010,501306,8/30/2023,6,silver
b645e959-78f2-4356-8c01-57a95dec6474,Iowa,INV022,656141,3/14/2022,1,employee
3e56a962-474f-410b-8f57-7a7aec54ee15,Vermont,INS04,532039,12/26/2022,8,platinum
a6fc8f93-2eee-405a-bf9d-a112b42b74f0,California,FIN014,861593,8/14/2023,1,employee
63373597-0da5-455c-bb19-21b899f33339,Louisiana,FIN015,651195,4/26/2022,9,silver
2221f055-80a2-4e9b-8bee-c13774c1b4b8,District of Columbia,FIN015,78323,3/30/2023,6,employee
cde39e3b-1562-418b-9a6b-8059a08d62f6,California,INS010,280217,4/27/2022,7,platinum
e8aea48d-0349-4088-8386-0ef6b77cb7d7,California,INS05,248918,8/6/2022,2,bronze
1cc6bd04-ead9-452e-903f-dec9cfc7dfeb,California,INS012,1164127,2/6/2022,2,bronze
534fe7a2-a0e2-41cc-af06-654d5e01bc57,Arkansas,INS02,1270361,10/5/2022,5,silver
0a641385-700a-458e-a00a-eafba6ddfb13,California,FIN013,265644,7/19/2023,2,employee
4900fc3b-a5ec-4853-9343-c8386c08f477,Alabama,INS012,1147526,4/22/2023,10,gold
a279a3ca-e364-405e-b8b6-fedd75f8960c,Pennsylvania,INS06,1420103,8/5/2022,4,bronze
ce910e88-af30-4110-877a-860e7146201b,California,INS04,491761,2/5/2023,8,employee
e19767e5-8804-421c-93f9-b7cef13b7162,Virginia,INV020,1123378,4/1/2023,1,platinum
45fe4904-f147-43f6-bd67-f9546fe96082,Florida,INS08,191954,8/24/2022,6,silver
2a921bde-3a1f-48c8-b427-2a1b81591211,California,INS010,83016,8/10/2022,1,silver
125a8876-9b36-4b85-93e3-985d779ac1cf,Indiana,INV022,107501,2/28/2022,2,silver
2b251757-cab5-4b0e-b652-1d7318007f3b,Arizona,FIN014,1001458,2/18/2022,8,gold
bcbd08d8-f189-427b-9e62-b89d3d6c5ee2,California,FIN017,852438,8/25/2022,4,employee
3b18a99d-a0c4-47ca-a08c-af64f209183d,California,INS02,841553,3/7/2022,5,silver
a12f10f2-54ff-4a51-a7b3-166d7d5929cf,Wisconsin,INS010,636443,12/29/2022,8,silver
cc6d2e2f-4c10-4f97-b8f6-1e1f5fe8c8e0,Texas,INS06,1031044,3/23/2022,2,silver
654aa81c-17e9-4b14-a4d5-5b607c8b6c02,California,INS04,1212959,6/5/2022,5,platinum
ee307e89-fc30-48e3-ae14-90e007e65805,Maryland,INV023,421091,8/13/2022,10,platinum
0924657f-e836-4ed6-9857-d927531d0109,Colorado,INS09,1130381,4/2/2022,6,gold
61f37cd8-0c29-4752-b903-642b26f89226,Alabama,INS012,574629,3/26/2022,5,gold
c43be05c-19b5-48d1-801f-357243c69a8f,Florida,INS04,314692,3/13/2022,2,bronze
07ad70de-dad9-4d3e-9a9b-d6b1b71460b6,Texas,INS011,1344213,1/8/2023,1,platinum
4c773e52-4e8a-4463-9fda-64a20fa884b2,Ohio,INV021,512736,5/9/2022,8,gold
bba39713-bf19-41d2-abe6-77e4c63c27ba,Florida,INS012,1339723,1/16/2022,7,platinum
18e00a43-34b8-452d-894d-31a53a9a5acc,Utah,FIN015,1473823,4/14/2023,6,platinum
dd09f78c-d953-4f94-83c3-fbfdab57c64d,Florida,INS07,238490,2/15/2022,2,silver
1f5640de-3d75-4603-bd49-c5be08c5567e,North Carolina,FIN015,1486658,7/12/2023,3,bronze
3d50cc01-f7b7-4df4-8447-d1abb0896322,Ohio,INS02,1232562,3/20/2022,4,gold
4722a26c-d1be-4ba7-a8ea-178be88b13ca,Florida,INS07,1025677,4/26/2023,9,gold
38f11ba0-da9c-493c-abd8-a6ef69988259,Texas,FIN015,1231451,5/4/2022,3,employee
66e1c710-9326-4c4c-9338-e1e65ecd6809,California,INV024,316121,3/31/2022,9,silver
041ad7c2-1c0c-464e-8c72-414b7fcc8ae9,Texas,FIN016,1213093,6/7/2022,5,bronze
124762a1-806a-4742-a538-992cce83e345,Texas,INV023,836616,7/3/2023,5,platinum
456b016a-1ea7-43a8-82b3-3a23ac5cca59,District of Columbia,INV021,1104838,6/4/2022,8,silver
e67fbaab-f24b-4fe2-910d-196aea2bf57c,New Mexico,FIN017,890311,3/24/2023,8,platinum
728fc7f7-2217-4c2c-9e4f-48857be7cfd7,Virginia,INS07,850851,3/27/2023,1,employee
888eb4ea-7fa3-407e-a074-5abfb4e4b8ff,Minnesota,INS011,40882,2/16/2022,7,gold
c9448ebc-ac19-4559-9b8c-5d27f1d94f65,Nevada,FIN016,1150813,2/3/2023,2,gold
47cba71c-7dbf-4c51-9811-6f52d02eebf5,New York,INS09,296835,9/5/2022,9,employee
6d05d930-c178-49ed-9690-e5b3e44c05dd,Minnesota,FIN013,1445420,1/12/2022,2,bronze
9666d2c1-4d16-4f3d-b367-334b4009b5c6,Nebraska,INS011,325883,3/24/2023,10,gold
61ace923-25a7-4662-9718-9462909bc087,Minnesota,INV024,658149,5/19/2023,5,gold
0e1fdc4f-95ec-4277-91b7-77d68fdef283,Ohio,INS010,390856,2/15/2023,3,employee
1abbe9c7-7915-405e-9d69-a202a4d7cdfb,Pennsylvania,FIN013,37606,2/21/2022,9,employee
bdd8f829-f6d7-4bbb-b690-e079bfb00402,California,INV020,58781,3/22/2023,3,silver
e4b1b17e-8a81-4807-8c00-d99d7d6e961b,Florida,INS03,45219,5/27/2023,3,bronze
cd6cda57-f012-4bd9-9613-bb46a022726f,Michigan,INV024,1394468,4/20/2022,10,bronze
d18cff5f-bd5f-49cc-88d3-f94c6299c022,Michigan,INS012,394391,4/11/2023,9,employee
89b8bd10-0831-4988-8cf5-6e8dccff50e5,Illinois,FIN016,1201738,1/17/2023,9,bronze
23f2ec15-079e-46b7-8fba-0c38af777542,Indiana,INS07,847937,5/30/2022,6,platinum
db11170f-c128-4593-8282-0a5263e8329d,California,INS04,1222102,2/11/2022,6,platinum
744821e2-a534-453d-9d1a-45fa071b1c33,New York,INS011,651316,7/27/2022,10,silver
d2a22f09-360d-499c-b9e6-73a8cd46fa31,Michigan,INS011,416303,5/22/2022,3,platinum
d3e75c82-7a24-4d71-bddb-c94fc6e95028,Utah,INS04,1459462,7/16/2023,8,silver
b8324077-1b4b-43b6-a613-9791f6c310e0,West Virginia,FIN016,152612,4/20/2022,7,gold
93d27122-db95-4276-a916-6d9d3f537960,Pennsylvania,INS03,1448231,5/30/2022,1,employee
e4a348e0-f48f-44d4-8d5b-24b723b94f20,Florida,FIN014,895706,6/3/2023,7,silver
3dc66eac-3f92-4d86-9360-6c268034da9b,Texas,FIN013,496892,12/1/2022,2,silver
5213cb24-bf30-4ba9-82aa-2c842b2743ee,North Carolina,INV020,512572,8/12/2022,10,bronze
2849af71-8031-4a3c-bf23-b0301c80fa31,Florida,INS02,523670,7/13/2022,7,employee
9d4b0afa-4f81-4f3e-a3e6-db05c2aac237,Minnesota,INV025,952647,7/30/2022,8,bronze
5cc150f2-3725-47a7-ae7c-e7021c0c8e83,Iowa,INV023,958867,1/13/2023,5,bronze
887a1378-05bb-42a9-afa0-63e30a71a87e,Texas,FIN018,1104207,2/12/2022,4,platinum
6c0a76e7-5ac4-4861-9444-8ecab9941c7b,Colorado,FIN019,222335,6/6/2023,4,employee
425e52c6-d662-4bdf-a7ae-7367f0a20acf,Illinois,INS07,550934,10/29/2022,9,platinum
59f15bd7-fc20-4cf6-ac56-385c38770bca,Texas,INS06,4195,7/23/2023,9,bronze
6a2256d1-3330-431d-aa54-80a6f4b22e4a,North Carolina,INS03,304466,2/13/2022,6,silver
d492fa0f-a095-4917-a6d9-5e27eabf8a54,New York,FIN016,339434,9/10/2022,5,gold
8e07125d-a46d-4cd9-930c-8e4cf08b2909,South Carolina,INS011,1226559,7/23/2022,7,gold
d4592c57-3ee2-489f-9191-97853bf226cf,California,INS08,171362,11/17/2022,4,employee
2207b967-4ca5-4c35-93d6-50c294f2fcdf,Washington,INV022,134460,1/11/2023,10,silver
538496c0-75a3-490f-939a-6964b37f2ec1,Georgia,FIN014,811018,6/8/2023,3,bronze
bde6931b-2db5-40f7-9a4d-23ed401a56df,Oklahoma,FIN014,1171745,5/9/2022,5,silver
db72154c-9603-4d6a-a9b1-e912d7bbc998,Texas,INS02,990301,5/21/2022,9,platinum
d210b18d-2900-4615-b48e-767205e4d711,Massachusetts,INV021,485611,3/16/2023,9,silver
1f4ac989-7845-49be-9ac0-1cb060248b9e,Pennsylvania,FIN013,973198,11/14/2022,8,employee
f33fc14d-1642-4cf8-acf7-3ea262e946c4,Florida,INV023,48079,3/21/2022,4,platinum
24571cde-a350-46c5-b284-e570502e5812,Wisconsin,FIN014,100343,1/10/2022,10,silver
717b2086-bfb4-4326-b703-c970aaf43948,Georgia,INS07,406145,3/3/2022,2,platinum
f375588c-2504-4a10-9554-10b03a447723,Texas,INS05,34682,9/14/2022,10,bronze
83e4ccdb-d8f4-40c1-b4c0-e6cb179cedb0,Michigan,FIN013,1149381,2/15/2022,9,employee
e68bedb6-5c88-4f6b-9f19-055bcc95dd91,Washington,INS05,769431,3/25/2023,1,bronze
b6ab2eb1-6e29-4f86-a951-808509464ead,Florida,INS08,971348,9/2/2022,4,gold
ff1a0188-75bb-4763-91ac-63099c98b0f4,California,INS010,852083,7/6/2023,4,platinum
dadcba95-cf2f-4f9a-9285-d37000826892,Texas,INV024,582160,3/27/2022,2,silver
1396a880-b80c-4f7d-b6f9-e215fedd5383,New York,INS06,1317462,1/31/2023,8,platinum
d99f3490-c787-45ce-813d-a5533d7d5886,North Carolina,INS04,334798,12/15/2022,3,silver
64a48656-c857-4b90-bd91-f91c43220555,California,FIN017,773559,7/8/2022,4,bronze
f75ca21d-f152-4f13-9dda-b2f49e93e4a5,New York,INS03,839875,9/25/2022,5,bronze
b4aa1b43-e477-415a-bd43-aebf04082892,Florida,INS05,1323903,1/27/2022,4,platinum
f1ec3bff-d6ec-4f0c-a2e3-05226e0b5074,Alabama,INS03,619517,3/23/2023,5,platinum
6fd3486e-ec02-4a97-82e7-4bd9f4c892d4,Tennessee,FIN013,356908,2/27/2023,6,silver
7e919721-add9-420d-87b5-4f9f47e39f9c,Arizona,INS02,210257,7/12/2022,5,silver
c954a880-118d-4ee2-97a4-bad3dbbcec0c,Iowa,INV021,300229,5/31/2023,4,employee
537d8179-7bf6-4949-9904-5d20846e32af,Oklahoma,INV023,1230719,10/6/2022,6,gold
56e8ca6d-1960-414e-8d08-7406695f0a51,Minnesota,FIN014,173054,2/28/2023,6,platinum
9b84e352-b196-4662-8925-def54cfa0ad9,Louisiana,FIN019,149043,7/17/2023,5,employee
ece6484d-ffa7-47c2-96d1-467de9a249b1,Hawaii,INS02,1324776,5/2/2022,1,platinum
6bfbe2f5-d41f-4de1-a0d9-e611e41a475c,Alabama,INV021,806727,4/12/2022,4,gold
5820feb4-c152-4b21-8194-4cef0b132706,Texas,FIN018,1179666,6/13/2023,7,platinum
e792eb26-2ba0-4236-b428-a6d4ecdcb24c,Maryland,INS012,1170980,8/26/2022,10,bronze
efe2b4e8-316a-4e92-95bd-dd41f3d96a35,California,INV024,690757,8/24/2022,2,platinum
06e39049-bb8c-4f67-95cf-d505b6b59797,California,INS011,326386,7/7/2023,1,bronze
72231d42-084e-4af5-ab15-31063f275c8c,Florida,INS07,1069235,1/4/2022,4,silver
5ad197c7-b1f7-4c20-9b7b-0b3e1c04b45e,Colorado,INV022,1314923,7/19/2022,7,platinum
c80f60e2-902d-402d-9ede-ee7ca19b49ab,New Jersey,FIN013,1265719,1/6/2023,9,silver
ed79fcc3-63e7-47e5-9d80-0b108068f8ce,Ohio,INV022,172923,6/5/2022,8,employee
21f647f3-bde0-4a34-ba03-214ad4b5b686,Arkansas,INV024,853999,6/3/2022,6,employee
5a40102a-ffe8-4c50-af23-b5afecee13ba,California,INS04,913828,6/3/2022,3,bronze
ba5d5275-e6eb-4329-87ed-6d88d9dfc111,Virginia,INV025,908170,4/1/2022,5,employee
9e97a5b5-e203-4bb1-bf64-650a98775fb6,Virginia,FIN015,245766,6/10/2022,2,employee
bbcc04f2-0282-4832-85b6-9fed0e0489e5,Texas,INS03,243254,7/19/2022,2,bronze
5aa0db3c-d732-4d92-8431-ac97be332d3b,Oklahoma,FIN013,377214,7/23/2023,1,employee
9b309449-0290-4947-acd6-662bb58a7f20,Indiana,INS010,294129,3/4/2023,1,gold
a1c1420d-c88d-4d50-9761-dc05a3790aea,North Carolina,INS09,1165337,5/11/2022,5,platinum
787f3fce-d983-4579-80f0-1dfba4254b11,Louisiana,INS03,1403111,8/22/2023,5,platinum
42e3bbf9-9788-44e5-b59c-4cc53fbb22b8,Texas,INV020,503608,2/1/2023,8,gold
8e485a76-8b8b-4d0c-b090-8d8a4382c24a,Virginia,FIN017,811034,6/13/2023,1,platinum
60d680b5-02d9-4da9-8cf0-ab7203ca3bc6,California,INV020,5249,12/13/2022,7,silver
25a9943b-d393-402f-945c-bfa5afb3d377,Pennsylvania,INS011,1012822,11/29/2022,5,bronze
1dbb396a-ae2d-4e91-be9b-5711b7e60f7f,Tennessee,INV020,1479738,11/13/2022,10,bronze
dc7a16e3-f99e-4e31-b758-30733f0c4b3d,Pennsylvania,INV022,112058,7/8/2023,3,bronze
a9a1854f-677d-438d-befd-e75b844bee38,Kansas,INS04,237655,1/20/2023,10,employee
81f26ba3-36f6-4c6d-9798-06425b06a7d1,Michigan,FIN015,1363367,6/16/2022,7,gold
026611f7-c6e3-4178-8f0e-45128c8bb4dc,Ohio,INS011,411347,6/10/2023,8,silver
2dba6bfc-6cd7-449b-b9f0-01d47f9159ee,New York,INS012,1317333,7/16/2023,4,bronze
6913b9ad-475a-44da-bfc1-a53dfed0c491,Delaware,INV021,519041,9/11/2022,9,employee
db08acd2-cb69-4f4a-ad81-7f2d1e40b848,North Carolina,INV024,988704,12/22/2022,5,platinum
e93a9585-5680-4d59-9c0d-868c97b3a1d0,Michigan,FIN019,1475980,8/25/2022,7,silver
ac363d17-4c11-42ed-8110-c0c6003ece56,California,INS02,406693,11/17/2022,7,silver
fb20d534-b711-497c-82a6-2037de037e13,Louisiana,INV025,1033266,1/8/2022,8,platinum
aba92a66-4946-40d6-b87e-fd610b3808dd,Iowa,INV023,643509,2/9/2022,6,bronze
2027d498-dde7-4504-b075-50ef534c6d2f,Missouri,INS07,220496,7/31/2023,2,gold
63dfc7a3-0b05-419f-86e0-c34937b688cb,Virginia,INV025,1049186,12/1/2022,6,employee
e9d58bfa-21d3-4752-9f4d-f08ccc4a63a0,Delaware,FIN016,550218,4/14/2023,9,silver
33ff1f28-0941-430f-b6d7-ecb7a28f2502,Indiana,INV021,1247844,10/24/2022,7,silver
8c029066-5cef-4d8f-99a4-cd67c0f17410,Texas,INV022,533445,3/2/2022,7,gold
ef36901e-ebb7-45c5-82e1-81952e31a674,Pennsylvania,INS06,885687,4/1/2022,7,bronze
e919273d-09be-44f0-b4c7-1fd8abb6cda9,Colorado,FIN014,496507,1/13/2023,9,bronze
9fa16b4d-26d4-4ac2-9e92-f0e45842771f,North Dakota,FIN016,1382334,12/15/2022,1,silver
7facd37f-e069-404c-b07f-3e1f899faec3,Alaska,INV023,1386132,3/11/2023,5,silver
caf45f81-610f-4625-acbc-14049c311aee,Texas,INS010,1112768,7/21/2023,5,bronze
e7660303-0c25-4c7c-8998-684bfed06cac,California,INS011,429753,12/19/2022,6,gold
2d5721fd-77f7-4f62-8047-f7fae8ef8b30,Virginia,INS02,824407,5/16/2022,2,platinum
bf842a62-9d8d-4269-a88f-714ecfbb4cfe,Maryland,INS02,681192,8/30/2022,10,silver
ecd0f681-d5a3-4208-97f2-8ebf49f0d4fe,Washington,INS02,1140193,6/24/2023,5,employee
4c86264f-5f51-4bfe-a80d-7bf3bddfd026,Kentucky,INS012,704849,1/13/2023,6,bronze
b42c9989-aec0-4e2f-8b90-df220f45ec7d,District of Columbia,FIN016,62624,3/11/2023,4,silver
87b16f5c-8153-442d-854f-03f465dddc4e,Ohio,INV022,1060204,8/11/2023,10,silver
9c1c4ecf-dab0-4de7-8eac-10464b61e01f,Missouri,INS07,1167554,12/3/2022,9,gold
477f65cb-2e6d-4a3b-b59e-154448e3e85f,Illinois,FIN018,394244,1/18/2022,6,employee
71b8ea89-9151-4fbe-ae14-470c697c2743,Wisconsin,FIN013,527184,11/8/2022,8,platinum
c5d5891d-8aff-4989-9181-afed40830de3,California,FIN014,545921,9/4/2022,5,gold
61508571-952b-438c-b46d-376112727b22,Texas,INS011,1123206,10/3/2022,3,silver
0db08119-35e1-4e21-93a9-fc9fbec32a1c,Nevada,INV024,26032,6/3/2022,6,gold
2a0cc388-242c-46b5-9730-816e821f1808,California,FIN017,636822,3/15/2022,9,gold
f6cd6294-6953-4643-a87d-df7670a6ba71,Texas,INS06,1139935,5/13/2022,8,bronze
cefad724-ae23-469f-b346-0c74cea287bf,New York,INS08,1388546,6/28/2023,2,silver
9384bd99-d9d2-446b-9a0d-118d116e56dd,Kentucky,INV025,331725,3/2/2022,1,gold
9101c9e0-1173-4339-ac6d-ccc69852e0cf,Oklahoma,INS07,343841,11/18/2022,7,bronze
9e8c4af4-004d-443a-aa8c-5edd3f278b9a,Virginia,INV021,270231,6/27/2022,3,employee
abf5d499-d94b-4a26-8542-97e185b255e7,New York,INS010,948085,11/29/2022,8,platinum
d29e258f-1809-4a2f-a71c-dff8d8863f5a,New York,FIN015,695372,3/29/2023,2,employee
41aa4ad9-1218-44b5-b47e-af9ec21c8686,Louisiana,FIN015,943206,12/2/2022,2,silver
edafefeb-8d71-4a03-b73d-8aa67609e46c,Texas,FIN019,1460673,7/16/2022,7,employee
0de131b3-8242-4964-b924-c86a48d9c2a4,Michigan,INS02,1091596,10/10/2022,1,bronze
32a0c0e7-606a-49d7-973a-c0f79664ac9a,Georgia,INS011,75216,2/27/2023,10,gold
076c2fb1-c815-4444-97da-2e576d1435ee,Nebraska,INS05,825607,7/30/2022,2,platinum
8eb919f9-c7c6-4c94-9b72-74c8a0da0d31,Florida,INV023,3583,10/1/2022,1,gold
1f06c90c-8664-46ef-9179-e7d3a63a3d5f,Alabama,INV022,1327161,1/9/2023,3,gold
a873edb3-1dd3-41ac-9bb9-9aadf4f0ea67,Texas,INS05,350702,8/20/2022,6,platinum
a31be20a-828e-4ff6-a755-906f2092eede,Michigan,INV022,49698,7/4/2022,9,silver
984d95f8-3d82-418e-816a-70bda0a8946e,Kansas,FIN015,838431,7/28/2022,1,bronze
8da00de4-0e8b-40bb-8f61-59964da88a4a,Ohio,INV023,654716,2/5/2023,2,gold
0185e44a-c87b-43f1-bf51-ea629b06bb51,Delaware,INV025,377823,6/6/2022,9,employee
12f6e041-4f45-4160-89e9-196a7c34d599,North Carolina,INV023,928044,5/7/2023,2,employee
e6fc77ce-726d-4150-88bf-3792dd3094a0,Colorado,INV021,149632,7/29/2023,6,gold
0e476db8-425b-427c-8c15-d32efa1d411f,Missouri,INS011,1310153,3/21/2023,6,platinum
9ebafd0b-d943-4fce-9594-35ccb3e2ccfc,Nevada,INS07,207239,7/12/2022,9,bronze
2acd9cb9-64c2-421d-9a31-ae3c4a273979,District of Columbia,INS05,347678,5/18/2023,3,silver
c4565cba-72eb-4bf5-9e21-789e60d1e415,Alabama,INS03,851261,2/15/2023,8,silver
88ebb212-f78f-4313-8c06-91807281703d,Illinois,INS05,1468222,9/13/2022,9,platinum
fd506deb-99e8-4573-9d2a-f8fd4541e5a7,California,INS08,1396517,4/13/2022,7,silver
da3ea4f2-cb51-49d2-9adf-a2cf7954a0c5,Ohio,INS011,1430162,8/25/2023,4,employee
4c748dc7-48a4-4eb2-863e-ab7a14e3d2ad,California,INS02,1386934,7/5/2023,3,bronze
21bc2d23-4fd9-4cd8-8c74-7c31d49070f0,Washington,INS08,749640,12/21/2022,6,platinum
818f1139-200f-43de-848d-a8440bec3110,Texas,INV022,1153206,12/25/2022,9,employee
4a0fd545-a211-464d-b0ba-5bdfdb87f981,California,INS08,671784,2/14/2023,7,bronze
4f535dba-3f9f-474c-bf13-21437ee61602,Virginia,INS010,1389685,7/25/2023,2,gold
c84baa9c-7f4c-4a1f-bf1a-dfa68fe31139,North Carolina,INS04,1190241,7/24/2022,5,bronze
a1ec5de8-a8c3-4669-b64d-caef4a230cfc,District of Columbia,FIN015,894332,7/2/2023,10,employee
16f5a3f3-d993-46fe-9938-ac8780865b31,Pennsylvania,INS011,39848,3/11/2022,1,silver
37e58dd9-aec3-4b90-9f9e-5bab2f71b28f,Florida,INS012,650861,12/31/2022,4,platinum
e147e8b8-3723-40c2-bbc8-ed771c0cd22a,Florida,INV024,349191,8/22/2022,8,bronze
7b39a025-b4bb-4f08-8d69-597a21c3ecb1,Montana,INV022,1457068,9/19/2022,2,silver
ba0aeb68-320a-462d-a912-1e9443aca3fc,North Carolina,INV025,1495532,2/9/2022,4,silver
6cc607c0-33e7-41fa-a4c1-ffaebcbfe206,Washington,INV024,758251,4/2/2023,10,bronze
22465147-1c3b-4d85-8f41-9d201d7a90e9,Iowa,INS010,581005,11/23/2022,6,gold
f42332b7-09a6-45e4-bc4e-1dbacd536a07,Washington,INS04,1123343,7/8/2023,2,gold
c7a701e7-98d7-44be-b3f6-90db947bb476,Michigan,INS010,1134859,3/19/2022,4,employee
4719e32d-948b-49ac-9499-55538af33450,Minnesota,INS06,1478047,4/11/2022,4,gold
4cbdba63-0bd3-4d77-97dd-f41940ef0ce8,California,INV021,356580,6/26/2023,5,platinum
d6302e04-0647-46d3-b700-07d01a4197fa,Pennsylvania,INS011,685850,6/7/2023,1,employee
a9fc4db8-d2de-48c0-98e6-cf249e253238,Connecticut,FIN019,140974,4/3/2023,10,platinum
87156516-78b4-40d4-a0cf-e5cd5e527f07,South Carolina,INS05,1277565,6/18/2023,4,gold
b283cbf1-21b1-407a-9593-e8222cedc8a7,Michigan,INS06,178329,3/24/2022,8,silver
acf57888-2c36-4bfe-9282-1a2c090179f0,Oregon,INV025,1093461,1/14/2022,3,bronze
42285d07-ee51-4803-83b3-ca858cc69ee6,Missouri,INS03,188108,6/6/2022,2,silver
b8e47c4a-e638-4ffc-9355-081651188adc,Pennsylvania,FIN018,727702,1/27/2022,2,gold
62efa399-1582-4927-a8f2-2dd0f12c5ef5,West Virginia,INS07,159212,1/15/2023,5,silver
0d472dd3-7e44-488b-b402-53e17da7e855,California,INS07,1382669,1/23/2023,2,platinum
ded6b157-b2f7-4f5b-a423-9499ec113334,Missouri,INS03,612116,8/28/2023,6,silver
d10eccfe-74a9-40ef-b1d5-c3707dd7a540,Tennessee,INV025,1463751,5/26/2023,2,gold
d97eca2f-98eb-40e2-9b9f-ac0044205220,California,INS02,149364,4/16/2023,8,bronze
113bc4e9-74d0-477d-be06-d9733e5e0024,North Carolina,INS010,1013013,1/31/2022,10,silver
f06867fd-dbd6-4095-9c23-cfd2fd63124f,Kansas,INV021,55265,3/15/2023,1,employee
8b28ee59-8798-4c40-94e7-06bc67c48f0d,Indiana,FIN019,446662,2/2/2023,10,bronze
056d9463-4282-4c89-af3b-3cb54bea20cc,Tennessee,INS03,1421704,5/28/2023,1,silver
e7652adb-3510-4cbd-8e82-a92f1cf6ca6a,Texas,FIN017,56968,4/2/2023,4,gold
d1b4e910-0f52-42a7-b49f-5aae4dce6087,California,FIN013,1286972,6/22/2022,7,gold
5a3a3f0c-dc8d-48ce-b928-b710ab085c7e,Oklahoma,INS011,957858,3/18/2023,6,silver
d443242d-478e-4051-b773-49368c5abf5a,Iowa,FIN017,506660,9/3/2022,5,gold
bf23833a-13ee-48e4-a026-93f6da2dbac1,California,FIN019,1062305,1/2/2022,10,employee
9745e323-edfc-4064-af62-be8d628f3373,Ohio,INS06,1429144,12/15/2022,4,gold
73206e48-a1b3-4cee-b4e6-cfa8d14ee940,California,INV023,1478790,2/9/2023,1,platinum
18f5fba5-59a0-40ca-9074-7f3459ce34fe,Alabama,INS011,527976,4/4/2023,10,gold
9ce28ea7-2505-4cab-afa6-189ecbc22597,District of Columbia,FIN014,1303797,1/13/2022,8,bronze
e7ccc264-b4d3-4a13-b6e8-9b1eed3b92d2,Massachusetts,INS010,1369286,2/3/2022,2,platinum
062d868a-d325-46c8-b5d6-ae3ad5aaf074,District of Columbia,FIN016,296161,1/9/2022,5,platinum
9b255bba-0645-4905-b86d-5714a99442d5,Montana,FIN015,1469881,1/2/2023,10,platinum
010fa119-29a3-45c2-8d9f-b603f14d7e7a,Connecticut,FIN017,257470,4/30/2023,8,employee
5abd20a8-1707-4f39-8b66-36fc58f6d253,Indiana,FIN017,1175342,7/4/2022,2,bronze
e9b5de57-2ab6-44a0-81b4-aef2fb121525,Virginia,FIN017,1035203,6/2/2022,2,silver
e31bbdc0-13f6-4568-867d-25de3bc035da,Arizona,INS02,963994,5/21/2023,10,gold
357cdde8-51e2-4551-8156-f47d7dc9cdfe,California,INS010,776496,7/16/2023,7,bronze
90f652c2-e632-40b0-b4b7-b98f2f6a5193,Florida,INS04,1004291,6/23/2023,5,employee
8543e0fe-cfd5-4c74-b3d7-652026371d00,Massachusetts,INS03,391899,1/24/2022,4,silver
a9b8b605-6791-4717-a7a7-c0a0b286e9e1,North Dakota,INS09,374081,10/2/2022,10,silver
4e40d653-e23c-47ca-98a4-2b239eb1b94f,North Carolina,INS03,1174676,3/23/2022,5,gold
e0a478e9-352a-4012-a425-b98654e7d477,California,FIN013,135752,11/15/2022,6,platinum
4eb9fcaa-051e-4a53-bd90-35678a1f7621,North Carolina,INS05,13964,6/3/2023,4,platinum
2b4d24f9-f491-4a9f-83be-6e294b5549f7,New York,INV021,873649,5/8/2023,8,platinum
a0e8a8e5-9221-4171-a4c8-e83fc1b38230,New York,FIN014,224516,1/3/2023,2,gold
56f8fecf-12b9-40e8-9be3-d50acdba83c7,Georgia,INS010,1003628,5/24/2023,8,platinum
ecdfb92a-5554-49f7-b034-15de52068406,Illinois,FIN016,1192847,6/5/2023,3,bronze
3a2821d3-b93c-4524-aa15-8614f63793e1,North Carolina,INS010,1287103,6/29/2023,8,bronze
cdb07f24-dc4d-4df4-be5d-ed6d841f3f5b,Texas,FIN015,787513,6/15/2023,10,employee
5d9b1452-346e-4a25-8b3b-641b8a92991b,Washington,INS010,1220277,6/15/2023,10,platinum
92e32552-0f42-4664-802d-7574f5b32fe9,California,INV020,148502,10/16/2022,1,employee
83394e7e-b09f-4946-b4d8-15ff5732ce92,Texas,INS06,975626,7/10/2022,3,platinum
32ce8dfd-5844-4319-babc-b026732148fa,North Carolina,INS012,497997,5/11/2023,6,silver
299f509a-80a2-4676-b32b-d71f1ea4eafb,California,INS010,213344,4/23/2022,1,bronze
4bb91900-9043-4e73-91b5-252d5999edb9,California,FIN019,954242,10/5/2022,3,silver
e901852c-c0b8-4320-ba73-fe8bce1c79e0,New York,INV024,46838,7/14/2023,5,gold
87d662b6-fa29-4b32-973f-43cb6efe9734,District of Columbia,FIN016,778217,10/3/2022,2,gold
854f6194-44a1-4159-a7cf-725b27df491c,Florida,FIN019,1295868,9/12/2022,4,gold
8b68a517-18e0-4066-a0f9-2592a6aa40a0,Georgia,INV023,478662,7/7/2023,10,gold
e0e2bc0a-6418-495d-9c95-2e34e18d7084,California,INV025,406868,2/27/2023,8,bronze
fb218642-8983-4bb2-95ef-c2939f665715,Texas,INS010,172762,7/2/2022,5,gold
4caf1131-4be8-46b0-872d-62d945d82660,Pennsylvania,INS012,713758,6/6/2022,10,silver
ceccce1b-3029-4d09-9bf2-1bb2721899da,Washington,FIN018,130690,7/1/2022,3,employee
58f16d38-10c0-46ec-b414-6f72a6368662,Minnesota,FIN013,283116,4/30/2023,9,employee
650f7aa9-f422-4253-ab10-504afa97d437,District of Columbia,INV020,1258418,3/26/2023,1,bronze
5ded8cd7-f7bd-4b1c-8d48-a22b670bb996,Indiana,INS010,748669,10/16/2022,10,bronze
ebc1ae7a-2b15-4a5e-a545-5ed164dbd465,Massachusetts,INS05,488585,4/12/2022,4,gold
91d487a8-82fb-40c9-88d8-2bb3da8621cf,Georgia,INV025,1423950,1/10/2023,3,silver
84994af5-ee1e-4c1a-99cf-f64320910a10,Florida,FIN016,1074447,1/8/2023,4,gold
d75d32ee-a056-4748-96f2-f2c335853c22,New York,INS04,1234179,10/22/2022,1,gold
b250bc35-7f09-40e2-b22d-673b97dfcaf9,Georgia,INS08,1035348,4/9/2023,9,bronze
dea6a7df-b4ca-49d8-bb08-9ae2bbb61e99,New York,INS07,653629,5/19/2023,6,silver
9074f07e-7eec-4505-ac87-92bface4d918,Alabama,FIN015,49057,9/19/2022,1,silver
fd5dadd1-f0dc-45a2-bb0c-2a22a09a35a9,Oregon,INS012,739943,2/18/2022,3,gold
851940b9-e63a-4a48-9de6-5d2928f14b7d,Nevada,INS04,674801,4/3/2023,6,gold
ce47ba96-cba1-4e4f-9d6e-0b68c2db9685,Louisiana,INS03,497521,3/17/2022,10,bronze
0162a37a-05ca-497b-a5a3-2690ebca761b,Louisiana,INS09,134000,5/21/2023,4,employee
a4e076cb-5763-483c-b07f-ba470789109f,Maryland,FIN015,413166,6/13/2023,8,bronze
7e1a0597-aef8-4478-ae73-532b61c978fe,Minnesota,INS05,734840,8/2/2022,10,silver
5bc6aaff-1dc2-402a-9cc7-f83e632539cd,Colorado,FIN013,1108441,5/1/2022,6,employee
feec5fa6-f206-4e49-9813-fb5280ce6795,Hawaii,INV024,1340764,6/1/2023,1,platinum
1ff27af7-b214-4d81-b960-95951b3b7d46,California,INS08,552084,7/2/2023,8,gold
54215386-b9d7-4616-b9e1-b15bed11ecb6,California,INS012,196888,6/29/2022,1,silver
42a5ec11-c3a3-4e70-9810-6d01acdd8924,North Carolina,INS07,1433154,2/18/2023,4,silver
6685945d-8f14-4134-9601-e37818801d73,California,FIN017,74038,3/31/2022,5,bronze
0b35c1b5-60af-4c2b-ad56-67cbf71f612c,Alaska,INS09,1497388,8/12/2023,5,gold
29b9a8e9-7d2a-4053-ab43-fc67896a8fe2,Illinois,FIN019,106230,7/25/2022,3,gold
73a0f482-558d-4b11-956f-abafcff365ff,North Carolina,FIN014,306115,1/31/2023,7,employee
287aa076-7e15-4394-bdd1-01e6da69fd03,New Hampshire,FIN018,87411,1/6/2022,4,employee
1bba972f-8abf-4284-8c27-fbe1e60fd5d7,South Carolina,FIN015,1156216,7/27/2022,2,platinum
f9a5a916-0423-4df1-8461-5a18d846e7a9,Massachusetts,INS011,4185,9/27/2022,6,bronze
988faac0-966a-476d-8b74-7467fb86d5b9,Hawaii,INS02,1228691,6/3/2023,4,silver
0ba54909-0210-4763-a630-b5c0ba569610,California,INV024,99351,10/28/2022,5,silver
ba28ffcd-97bc-4a37-a3d0-cd892e67c367,Michigan,FIN015,1225209,6/12/2023,2,platinum
f1a60392-5333-42c9-920a-59b6b0e1f570,Arizona,FIN019,1072583,5/24/2023,7,gold
70fb6374-8200-4d70-9aa6-abc3578c2afb,Maryland,INS04,108024,4/29/2023,5,platinum
01aebfa9-6be3-44d8-b711-6d6dd78137a0,South Carolina,INS03,1332202,7/17/2023,7,employee
1c31156c-e405-4a77-96fa-9585d9a5660e,Florida,FIN018,795718,10/28/2022,7,silver
a424a533-ac4c-41fa-9139-b1e3c86b70bb,Texas,INS02,235892,7/17/2022,7,platinum
927bd5b5-7b71-42cd-af98-2d0ed8fb592b,Pennsylvania,INS09,1458935,2/9/2022,6,gold
63ac18f9-7a3c-4772-9e0c-491f5f65151d,California,INS07,349830,2/3/2022,9,platinum
f034f585-f083-4067-8aad-103b22477ee7,Maryland,INS05,272963,5/31/2023,5,gold
3f4238fb-bcbf-4c5f-95f6-785792d45467,Iowa,INS05,1413153,6/27/2023,2,platinum
4e8f9089-3826-4a4e-8d5c-46dfef4ca8f3,Pennsylvania,FIN016,1084852,5/7/2023,10,platinum
de5dc344-41ca-4b70-b2fe-bfd6059a74be,Virginia,INV025,1073714,3/15/2023,10,gold
6a1afff6-f2ca-4c1e-9a21-7b96e41901f2,New York,INS012,676924,9/23/2022,6,gold
e3ebdbba-f81c-4403-a9ec-1b1a9820bba8,California,INS07,1386398,4/7/2022,8,silver
b685bfde-214b-485f-bae9-f1692dfc45af,Texas,INV021,647163,7/9/2023,5,gold
821fc7c0-94a1-4658-a95f-3aae25de791e,Alabama,INS012,1285594,4/16/2022,3,employee
151a1a8e-2305-4bf5-984d-afb0733945c5,California,FIN017,798282,7/2/2023,9,bronze
721dc467-3039-43f4-a99e-879fb9146aaf,California,INS07,965212,7/15/2023,1,employee
2e9f75a1-979e-4fb0-b894-b340edea93ff,Alabama,INV023,676881,7/6/2022,1,employee
3e834e5e-cf23-418e-9dd5-aa0db10ba480,Montana,INS010,1327622,7/25/2023,8,silver
9baa604f-47dd-4308-98a6-cf9d9bda884c,Kansas,INS012,1076580,2/10/2023,1,platinum
579cf0da-0caa-4328-beed-dd3a1a6eb034,Illinois,INS02,89563,1/31/2022,10,employee
b6c41b82-4d48-452a-985f-d6cb6cc91c18,North Carolina,INV024,23504,6/6/2022,5,gold
16195140-6951-4bf6-bca1-fdc01aafbb6f,Nevada,INS04,1359256,8/25/2022,9,platinum
b712ba9e-48fd-4f1a-9725-da9f47a81c31,Georgia,INS012,1399173,8/14/2023,7,platinum
79dc40cf-d07b-44ae-a625-6fb42b56912b,Illinois,INS05,77851,12/16/2022,10,bronze
7b820d8d-d47a-472e-89ea-aef71fb80293,Virginia,INS04,721302,5/17/2023,2,platinum
10028541-99e7-4692-af7e-df12a06d17aa,Texas,INS05,436609,2/16/2023,10,employee
1dda7b5d-ab5a-4265-985c-a8032d09983a,Texas,INV022,817862,3/14/2023,8,platinum
c56b0e20-4f19-43ea-9a5e-b76d832c7dab,Florida,INV021,1385326,12/12/2022,2,bronze
4592c3d2-6b4b-4a2c-99d0-25585a97b6b9,New York,INV022,1022515,5/31/2023,5,bronze
2048533e-4d72-4672-afc7-c8e7da14fc08,Tennessee,INV022,1168130,8/19/2023,2,bronze
14a2d682-5dde-4c1d-b04b-57c8d3ea3f60,Florida,INV021,803470,5/31/2023,6,bronze
e4535a05-5250-4a24-af64-24828fd63257,Washington,INS010,1289108,4/28/2023,6,silver
6304cf02-0d62-4a7d-8bc8-19a4655053e8,Georgia,INS06,1182697,2/14/2022,10,bronze
aea41707-6336-4124-a0e3-b43ef16a90ab,Florida,INS05,191894,8/28/2022,4,bronze
203c5dfa-fe96-44cd-b4df-e51b3019fb99,Alabama,INV024,596884,4/5/2022,4,bronze
8cda8cf6-89ff-4bac-aac8-fe74b3431382,Ohio,INS05,572266,9/10/2022,8,silver
bb87afc4-0fbf-4676-b615-5f8bd4bb0288,Virginia,FIN013,906351,1/18/2022,3,employee
2f33b1f2-9183-4dbd-96fb-37d2516a0d2a,Florida,INS08,758667,1/16/2022,4,silver
8b1a2ea4-d7ce-4af3-96f1-4da5ddf17ee0,Maryland,INS05,177818,3/5/2023,6,gold
1bcc739b-f65d-4d9e-a2ac-fec2b8d0cfa2,Massachusetts,INV021,1306594,6/14/2022,2,employee
b4ccc8bb-a24a-40b8-aad8-cc7d7a22b2f2,Alaska,INV020,476139,11/19/2022,3,silver
5fe9bd21-5275-49c8-b5a2-df4ee088c68f,Washington,INS010,438772,1/19/2022,2,gold
0342c0b3-693e-420b-be72-4d392114fd6a,Illinois,INV020,1314935,12/25/2022,3,employee
d0a0583f-55e3-4a68-9058-80523d36b1d7,Pennsylvania,FIN014,1244021,1/1/2023,5,silver
62930f71-4afd-440b-829f-1230823fa890,Colorado,FIN017,861859,5/15/2023,2,bronze
e01f3c57-bb9b-4cb7-9ca5-a037954bb419,District of Columbia,INV023,1438786,4/3/2023,5,gold
527ad90c-6548-4cc1-8de9-11921c1590a5,Virginia,INV021,96517,12/25/2022,3,silver
db87a5e5-0bf2-47d0-9ef0-4c01af626a4d,Connecticut,INS011,845593,1/23/2022,10,bronze
6d46e9fb-d370-493f-8144-b33b51a0573d,New York,INS06,669658,8/22/2023,3,platinum
8a18f688-16eb-4185-8052-be8ded5cdc33,Arizona,INV021,1086668,1/20/2023,7,gold
581e778a-2e8f-46cb-ad9b-93532b9e8c8d,Florida,INS012,445712,3/15/2023,5,silver
bb2b85e1-b9f5-4f08-8730-562d890b3a39,New Jersey,INS08,138772,2/26/2022,4,platinum
aeb93215-cab2-4419-b2c2-44cf2f4e8b4b,Texas,FIN015,1228077,10/23/2022,9,employee
7d9584b1-369b-4851-a8ad-471939dd5cf3,Kentucky,INV023,323628,1/21/2022,6,bronze
25f09cf2-8a20-4ffa-a3e1-bbfda450b618,California,INV022,588661,1/23/2023,8,gold
d3b387c6-c54b-48e1-8d10-b991489a2108,Connecticut,INV023,49733,11/25/2022,2,silver
9f39e4b5-b7fe-4212-a548-de686e6f21cb,Florida,INS011,568146,4/14/2023,4,employee
c30f0215-cb18-4539-bedf-0457a81877e1,Indiana,INV023,818660,7/23/2023,6,platinum
8b48a1be-4ef6-4d12-a6b3-5ab89493dc96,Oregon,INS02,473797,8/13/2023,4,employee
5bd3b730-08b9-4966-ab6a-2bf8ac100dda,Iowa,INV021,965906,8/19/2022,1,platinum
7a0c58ce-b1cc-43a3-9e42-605e7f79868a,Tennessee,INS03,1187550,6/3/2022,8,gold
189822e7-c49b-41c1-9d88-abd6cc202ac9,California,FIN017,1437427,5/22/2022,1,gold
7bf40ae9-b2e5-4f3b-bf5e-1281c7202b85,Virginia,INS012,940606,3/2/2023,9,platinum
4ddfb3d3-5082-49c4-b136-3e7a46ab7a79,District of Columbia,INS08,865467,10/8/2022,9,bronze
4b3a8e17-71cd-482e-8162-032740f36db7,New York,INS07,321618,5/13/2023,4,gold
f3ea842b-8226-4e57-9c1b-b9e10b800301,Florida,FIN013,486435,6/5/2022,6,employee
f43e9b0f-080a-4192-b1ce-74b08aab7d38,California,INS02,1457234,6/21/2023,4,silver
888f8e82-4e72-4802-82bf-7b5047a3c854,Arizona,FIN013,579584,3/17/2022,7,employee
cf098b34-f7c7-414f-95ab-d032082a2463,Nevada,INS07,253977,2/28/2023,6,platinum
64b74071-2e0e-40f1-8da4-5cfbeb05f0fa,Tennessee,FIN013,597528,4/27/2022,5,employee
8c9b662b-5493-43f5-a131-99e1b8ef9620,Texas,INV025,602537,8/26/2022,1,silver
f38cafed-3463-496a-ad71-a7599ff99e6e,California,FIN018,1256330,3/5/2023,4,bronze
2d9f16be-ba50-443f-b8c2-9943bde5af5e,California,FIN014,613076,4/17/2023,7,bronze
3c53de4e-6b14-4401-b627-9b4734c87f70,Ohio,INV020,978039,8/20/2023,6,bronze
beac6b50-a50e-445f-8a33-b168ef5279d3,Texas,FIN018,882790,7/30/2022,10,bronze
65b11e48-cd68-40f8-a196-1be477120377,Texas,INS08,1032028,3/13/2023,1,bronze
438ebfdb-ca2e-414d-9975-4a4d71a7adef,Connecticut,INV022,95983,8/19/2023,9,silver
eab12652-06ea-4d4d-a246-59fa9296e75f,California,INS08,992122,7/20/2023,3,gold
4c608798-5756-472d-b89c-7ccf96e44067,Utah,FIN013,625064,1/10/2022,1,platinum
5138ef21-8bfd-420c-98cb-813019138753,Florida,INS012,582365,11/6/2022,9,employee
4eb8d999-0503-47b6-b1ef-51f11be1f539,Wisconsin,INV024,1137330,8/2/2022,4,platinum
ac6bfa4a-8eb9-4d6b-b43a-bdbcd14b67fc,Arkansas,FIN013,1372917,8/27/2022,1,gold
aa350136-7070-447b-8d52-d9e1a2d06d10,Texas,INS08,129915,6/24/2023,4,platinum
af5f1554-fd05-4f5d-adbf-2f2a70744fed,California,FIN016,311566,8/26/2023,1,silver
58c4e194-2a2b-4ba2-9eeb-496b2df16aac,Colorado,INS06,1026563,3/11/2023,5,bronze
744c2180-6f2a-4412-a77f-5bd9b9117995,Georgia,FIN015,813255,4/1/2023,3,silver
5794d0ec-6da8-41ba-b105-9c9388982f3e,South Carolina,INV025,960966,5/7/2022,4,gold
e80dc881-1e0b-4faf-a42d-b993993578d4,Minnesota,INS09,400316,5/6/2023,8,gold
641437f6-175a-45a2-b7a1-5c2da2bf223e,Arkansas,INS05,29006,2/20/2023,10,employee
80fdc629-3f0e-412f-8f31-f89ef4f8172c,Oklahoma,INS02,782068,8/3/2023,2,silver
1c6c0e5b-7947-42a1-97d3-524e2083ae5c,California,INS011,786486,6/21/2023,1,bronze
eb0abaf3-3f20-4c08-a607-f404d93bb363,Virginia,INS010,913564,7/7/2023,4,bronze
9096a569-b1c9-4b07-9b22-03ea7806683f,District of Columbia,INS02,760289,5/3/2022,5,gold
c7bb8e54-78bd-428e-948c-bd3bb6637ac2,Massachusetts,INS09,70452,7/30/2023,2,bronze
2cd7e3a3-9a93-4982-b864-1d0eb9233770,Texas,INV023,576311,4/21/2022,1,gold
fc659eda-6bef-4685-bd25-b3506b5ea9af,Indiana,FIN018,316857,10/3/2022,6,bronze
b2ed3c98-cd90-4f5a-ba2a-d08bdcc4765c,New York,FIN014,312466,1/1/2023,3,employee
b98eea78-8a6a-4b1c-b388-f41f18a9226b,Minnesota,INS07,207942,3/17/2022,2,gold
32460a97-7ec6-4d5c-9731-337c4725a08c,Ohio,INV021,1204443,12/2/2022,10,bronze
46e028ba-c469-4ab5-8be2-15dc045dca01,Arizona,FIN017,723338,9/12/2022,10,employee
1a306791-0e1a-4f60-a6b1-64e427dc5d0c,Colorado,INV022,164400,5/27/2023,5,employee
c21b0c85-126d-4c8f-bbd0-9a848e17efa6,District of Columbia,INS02,511718,7/24/2022,10,employee
c47284db-a5ff-4222-9d26-a71a704f783a,New Jersey,INS08,1245190,3/5/2023,2,gold
28aa3a3f-df35-4722-abcd-c8484a75dfa9,New York,FIN015,135148,12/2/2022,9,employee
e1db51af-5a26-42d8-870c-54bde8831981,Colorado,FIN015,631960,7/3/2023,1,employee
c9e02894-e78c-4ef0-a643-72c11fcb11a1,Virginia,INV023,442645,11/12/2022,9,silver
4914d298-4dbf-4816-8694-32e44e63d2c0,New York,INS04,492977,2/25/2022,3,employee
8749ebd4-c33d-443f-bbb0-01c7de1a29ae,Indiana,INV021,1103372,6/13/2022,9,silver
05ad81bb-e68e-4ecd-be80-f1d7ac2d3ae8,Pennsylvania,INV022,270222,4/5/2023,2,employee
46262fd9-ffbe-47da-adf7-6929037ac300,Washington,INV022,318783,1/6/2022,5,gold
c10e99d2-7fbb-48ee-8561-2b82a36fa5d5,District of Columbia,INS010,1053461,1/12/2023,2,gold
4ccde06d-2f68-4248-8857-a818341414a0,New York,INS04,58197,1/4/2023,5,silver
2968a393-43f3-4749-bd6d-5274e5101af1,Massachusetts,INV025,1427565,10/18/2022,9,gold
b2f832ff-d165-4ff3-b414-1f97a0ee73d5,Massachusetts,INS04,6529,9/7/2022,8,employee
65d61da0-9916-4d81-8a4d-d23fe221851f,Iowa,FIN014,242309,10/22/2022,6,platinum
4cc7af33-427b-4baf-b160-9a12d32e66f3,South Carolina,INS07,53594,9/26/2022,10,employee
dfe290c0-92f4-444e-bf3f-735170fff6b5,Illinois,INS05,1316136,2/18/2023,6,platinum
699a3ace-b5cf-43c3-b57d-d6d8018f37ea,Texas,INS05,942172,1/3/2022,3,silver
1aa2cedc-c5fb-41e8-a8b0-c92f40c88920,Michigan,INS04,152421,8/22/2022,5,gold
6afd6ace-6696-4948-9eac-116b5c91123e,Kentucky,INV025,455122,8/25/2023,1,bronze
ae5235fd-6d28-4b52-a19b-d828733db7f0,District of Columbia,FIN017,1457458,7/28/2023,10,silver
408be396-78aa-4070-85d1-b91a2be1e4f9,Florida,FIN014,697774,5/17/2022,9,employee
f447b370-d95b-481e-9f3e-06eb41c344c1,Iowa,INV022,704624,10/9/2022,6,gold
44e7a112-5417-4f11-b7b5-61b09545ec87,Florida,FIN019,596996,4/1/2022,5,silver
1a0e4ee4-8533-441a-8a0e-feb8b72877dd,Maryland,INS012,490279,6/20/2022,8,silver
6252717b-c24e-44c5-92c3-2e4479c77066,Indiana,FIN016,575954,3/3/2022,10,platinum
85b00fcb-b6b5-4682-b16c-b61d0cfa4b35,Florida,INS010,631306,5/12/2023,7,platinum
1278db92-9c6b-43b5-8fcf-52296e9079f4,California,INS04,137079,11/3/2022,2,silver
a6256f41-4d84-4a5b-bc9d-fc19aff56963,Virginia,INV023,1424988,2/1/2022,10,bronze
ac82e68a-b923-4cc4-bc04-68415b23a70f,Indiana,FIN017,513430,2/13/2022,1,silver
977a9426-a4bb-441d-9f5a-fe51811db8c4,Montana,INS03,987197,7/3/2022,9,platinum
de44d116-a941-4f38-bb67-8162cdaff3cb,Nevada,INS09,709707,2/23/2023,10,silver
a218e3db-fc8a-44f5-a950-492553f0f9c3,Michigan,FIN016,976860,11/30/2022,2,gold
b492611c-7914-4063-ab0e-e46306fa3d7f,New York,INS011,875230,5/2/2022,6,silver
c4893815-59de-441f-ab57-9b5b9d4af25f,Minnesota,INS07,1252312,5/25/2022,7,platinum
7cc79170-4622-4f7b-9724-92a707afba81,Texas,INS09,713785,3/28/2022,5,bronze
84543fc1-aea6-448c-8e35-0bc59ae63c0e,California,INS04,1132559,6/5/2022,10,bronze
f6dbc037-be45-4f7f-9817-306750cc9b22,New Jersey,INV021,444873,5/19/2022,10,silver
b5922b16-f9d9-42a7-8e7d-49ea5edac606,Texas,INS011,306638,1/12/2022,6,platinum
eaf30888-af53-44b7-9849-cc6fdf80bdf2,Florida,FIN017,513727,6/3/2022,8,bronze
89830aac-7159-4e3c-848d-0a67ce1f901d,New York,FIN015,534080,3/21/2023,8,platinum
793bec15-b95c-4203-b341-4951889247ef,South Carolina,INV021,1152551,2/27/2022,8,employee
8a617673-41f9-4063-9997-5ad0ab6539a1,Texas,INS010,241888,4/20/2022,1,silver
ef35b25f-a318-40d0-96b8-68d07597363a,Texas,FIN016,99993,7/4/2022,4,employee
3462ca63-2fa4-4e23-b0a2-38c2984781a7,New York,INS05,315320,5/24/2022,7,gold
4822adf6-0f6d-4722-ac90-bc670a8135d7,Iowa,INS09,367819,8/29/2023,3,employee
eacc01de-a33a-4801-b071-a696258de697,New Jersey,INV025,1080855,3/4/2023,1,bronze
341e61f6-3920-4ae2-93d2-18b3b3fe5de1,Tennessee,FIN019,516702,10/18/2022,5,gold
94de1dcd-cc37-4218-8e0e-107218ac4a43,Pennsylvania,INV022,751628,11/2/2022,5,employee
be324e88-f296-4aef-97ee-03291dfcc6f4,California,FIN018,762398,5/23/2022,2,gold
bb3e64e3-a390-45a1-8a90-85ca961b25e1,Washington,INS08,841577,5/9/2023,3,platinum
510d698d-99ec-432b-a304-9d7c060e4962,Ohio,INS05,1126335,5/10/2022,9,employee
f2c3b993-372a-45ab-b940-33cf1d3bf58d,New York,INS05,508914,12/12/2022,1,platinum
4a53c149-4fe2-4c24-bdbc-ae737c928e88,Ohio,INV025,206339,9/20/2022,2,bronze
25c1c5e3-eb76-4fae-921e-ea9d0aca9bc9,Alaska,INV024,214801,10/30/2022,6,bronze
61b5ed82-5a0d-43fe-9bbf-185a37c509c3,Mississippi,INS08,474513,1/3/2023,9,platinum
2021de28-6d0b-4787-b048-3af1956b4e3f,California,INS08,1267103,2/14/2023,3,silver
de37f4e8-2398-4071-b6ab-fb3fa5b948bd,California,FIN018,1250775,12/12/2022,9,gold
4d9a79a5-749d-43ae-9b6d-7041e10a2e42,Mississippi,FIN017,432999,1/29/2022,4,employee
7979a7d1-fdb4-40c5-b200-b0b6941b0fef,District of Columbia,INV022,736053,3/6/2023,4,silver
2de86dc3-bdee-40aa-86ae-cbd14fa56830,Texas,INS010,61957,8/10/2023,1,gold
3f34beab-6992-44fe-a494-f81a23dd5bde,Arizona,INS011,137627,12/6/2022,3,platinum
b9215e14-73f6-4d02-aee7-1c217f54d211,Texas,FIN019,1182251,4/23/2023,2,silver
65b9c7cd-27d2-4e5f-a26c-b886b247aa0c,Florida,INS03,216445,10/29/2022,4,bronze
6bf5a5c8-8ff0-44a4-aae7-560a92a7dc51,Wyoming,INV021,1271304,5/26/2022,6,silver
eb53fd6e-b770-4ed4-b190-c3cf6f428c4d,Iowa,INS05,427587,11/24/2022,7,employee
09038934-b16d-4856-be83-3ab8e98a5b7c,Washington,INS011,424523,4/13/2022,6,employee
1ceb5dec-6fdf-4500-b44b-5e0012dbce2f,Louisiana,FIN013,229358,3/15/2022,4,bronze
9b766796-79e9-4248-a658-55fda90f686a,Indiana,FIN019,196234,6/16/2023,1,employee
3f29886b-effb-4d29-b962-42a0cce28b6d,Maryland,INV022,1165151,9/4/2022,5,silver
38c7cb4a-7b72-46a8-971c-6e992a0e1899,New Mexico,INV022,1209724,4/20/2022,1,silver
10a7d895-2dad-4e21-9443-ba486ebe856f,Texas,INS03,1137292,6/12/2022,7,employee
745ce41b-f3fc-4a97-a903-d25c00e2498a,Ohio,FIN016,266937,10/6/2022,1,platinum
75ca4a3b-32e1-4fce-b6b1-d13543f0a61e,Florida,INV025,286086,8/17/2023,3,silver
8c32ba4a-cbe3-4618-9f7b-e492bbb22d3f,Texas,INV023,570564,1/30/2023,2,gold
1c88560e-c1b6-42a9-9144-aa4e703524c0,District of Columbia,INV024,1494689,8/26/2023,9,employee
494612dd-6838-4fb8-82e1-3f47f233c2b1,Pennsylvania,INS03,1366775,2/24/2023,8,employee
c1349f52-dfdc-45eb-9bf0-4d088cc6c80d,Oklahoma,FIN013,344389,4/10/2023,3,gold
fdea7d47-34dc-4633-b269-3e3d514569b8,Florida,INS03,304814,2/25/2022,9,platinum
4c31440d-9d9b-4ee8-b4f0-6a35d657286f,Kansas,INS05,461258,9/14/2022,7,platinum
2b1fe7df-366b-498e-aceb-924d2ec651fe,Texas,INV022,1391056,3/31/2022,4,employee
7701f17f-f9b3-4662-bc83-d2eb25905ea4,Indiana,FIN013,279225,6/1/2022,6,platinum
25f34a97-45a5-4b15-843e-53b0166a9795,California,INV024,779481,6/30/2023,4,employee
da235de4-dbea-4b33-b944-570dcd6649eb,Utah,FIN017,958915,1/6/2022,3,gold
9a808498-729b-4959-9955-923708be788d,Texas,INV021,410501,1/8/2022,7,employee
92b8d1fc-5e8f-45be-9b9a-7b952a6d3436,Alabama,FIN016,579332,2/4/2022,4,gold
1f087f7e-ad19-4f41-b876-21b00a60750f,Pennsylvania,INS09,766425,7/31/2022,6,gold
34873364-ce31-455e-9ed1-ca8c00177624,Texas,FIN013,1339101,4/24/2022,2,employee
1d7d34e3-cf1d-4515-9f24-53f9fd527274,Michigan,INS02,123174,8/9/2022,1,employee
ed6ec632-aabf-48b3-9c9a-a034be0646f2,Florida,INV020,104710,11/11/2022,1,silver
225c0753-7c66-4088-a5a3-e4508dc63c39,Pennsylvania,INS06,1403463,5/17/2023,10,bronze
2bd314a2-31c3-482e-b2f2-26fe3d60f469,Arizona,FIN016,421389,6/6/2023,2,employee
467350fb-af0a-4e99-ae21-cef38c9983af,New York,FIN013,355430,12/28/2022,1,gold
e49fdcb0-3394-4ff2-857c-89ed430f5c92,Pennsylvania,INV024,1278106,9/14/2022,1,gold
d16dd7eb-5c92-4348-9afa-b2a24fddf2c5,Michigan,INS012,864630,3/16/2022,9,platinum
8c2dd08d-daf5-47bf-a269-bc32c27015be,Louisiana,INS02,557808,5/22/2022,1,bronze
1c7a4605-ea73-4557-bd58-1046b028c310,California,INV024,536597,8/24/2022,5,gold
c55e39ad-8eab-4824-8f2b-baa03169b502,California,FIN018,198648,10/8/2022,4,employee
840210fe-7233-44bb-8ab4-4b35f3477c38,California,INS07,1189855,9/17/2022,3,bronze
c921fb99-a037-414e-9b22-5482fac996f8,Virginia,INV025,1493931,2/17/2022,3,employee
423b0029-de2b-40af-82bd-8d910d06c09f,Nebraska,INV021,535684,10/23/2022,6,platinum
36906557-0d44-4e86-a1de-b205ae4cfec1,District of Columbia,INS05,641466,6/14/2022,1,silver
fe21b9e7-a562-4fd2-beed-8faa252dd4e9,Tennessee,INV025,1173392,2/6/2023,5,silver
0aeae5c8-5c4a-46c0-b621-7ec8e78c42e3,Alabama,FIN017,375074,4/26/2023,6,platinum
4a8d022f-bc80-4c65-9f4e-5c9490c000d5,Florida,FIN016,648241,7/21/2022,8,gold
0e7b5a89-6f99-4dcb-823b-fb06c56eaa00,Kansas,INS011,1238825,5/24/2022,10,gold
e8601d00-26ab-458f-bd93-f77530ef57f1,Louisiana,INS012,969811,1/14/2023,2,gold
843fa4aa-b429-4251-9f89-eb0b4790778e,Florida,INS08,1156379,1/26/2022,9,bronze
0b3a9231-cd4a-4bb0-a30f-92d8051351d7,California,FIN013,515566,5/11/2022,7,gold
5b248832-2e36-459f-9b73-7f774c8fd5ee,Ohio,INS03,976539,8/22/2023,9,platinum
2a61dc36-4e40-4d01-af15-9de6b11f75b9,Kentucky,INV021,1396660,3/3/2022,1,silver
41aa9b6b-46fc-4331-8f4f-2a48f9de1335,Texas,INS011,1497427,3/14/2022,2,gold
bcd31b0c-da31-4c97-8c55-9ff660447b45,Wisconsin,INS011,728458,8/13/2023,8,platinum
22b38f97-ad7d-4ba9-92f6-718f3880d031,District of Columbia,FIN013,822361,1/28/2022,1,silver
b27c3eb3-c5af-4b39-b05e-f4d341961ef8,Mississippi,INV025,348005,1/9/2023,10,platinum
41e5fe81-6ecc-42a9-8e40-111880efe8d7,Texas,INS010,68300,9/3/2022,1,silver
23c8a9a1-511e-45c8-8e56-1d57edae43ca,Minnesota,INS012,1457892,4/2/2022,7,employee
83c7668b-1e26-44c1-aa19-44e128252527,Indiana,FIN016,849610,10/2/2022,1,employee
f3b37ffc-cbde-4197-b8c7-23be00de2a95,Colorado,INS08,599930,3/21/2022,8,silver
73921f3e-7e90-4c25-865f-a1d0016f536b,Louisiana,INS012,1410773,12/16/2022,10,platinum
5559b64b-9066-431a-b050-4a1a8654ffaf,Massachusetts,FIN015,112270,7/30/2023,8,platinum
2ddc3c9b-b9b1-47cd-8249-0de8cc726bd7,Oklahoma,INV022,342792,5/2/2022,4,gold
16a199ae-b305-4cc5-9fc7-a6aedf948a9c,Pennsylvania,INS09,573086,1/16/2023,9,gold
f2094281-227d-401b-bc6f-0536b15f196c,Georgia,FIN014,622188,3/12/2022,2,employee
264a0af5-d12a-4960-8076-f212bc21ac1b,Texas,INS07,86979,6/23/2023,5,employee
79ef89dc-c20a-4dcd-a215-3b51510a7eb4,Ohio,INS06,1065884,12/15/2022,6,silver
0586b5ce-1850-4993-bb36-db2e7c80332e,Ohio,FIN019,371636,8/28/2023,4,bronze
8ab4bd0e-e8fc-4003-bc4b-c12b76404545,Mississippi,INV021,270291,8/18/2023,9,silver
542ea93f-9208-42bd-b6fc-56949e6a3322,West Virginia,INS07,129810,8/5/2023,4,bronze
f5843524-72bf-4ad4-8fd3-f78b6514aba4,North Dakota,INV023,647979,7/2/2022,3,bronze
7c01e162-4a35-455a-9574-2c0502ffe5e3,Georgia,INS04,1310325,6/11/2022,4,employee
58278ef9-12dd-4571-9101-e324e2fb6160,Pennsylvania,FIN018,508871,5/10/2023,3,bronze
eff5fced-6888-4095-bfb8-63bb2b9b5700,New York,FIN019,674743,11/1/2022,4,platinum
df42e844-9f34-436e-b763-e7dd6c1ccad2,North Carolina,INS05,950723,1/2/2022,9,gold
29f93873-44a4-4c2d-bc4c-81b95f661832,West Virginia,FIN017,1174559,3/26/2023,3,employee
58685366-ecbe-4492-9ee1-43dd5b4249c9,Georgia,FIN013,605159,10/17/2022,10,bronze
a767699a-4b10-4137-a9a4-909d935a282b,Ohio,INS08,531171,4/13/2022,1,employee
a8ae3204-ef14-4189-b45e-2b8ebe271dd5,California,FIN017,1337696,1/18/2023,7,gold
9776cea1-e609-424d-815e-2a4b135ecd2a,Texas,FIN014,324225,4/2/2022,1,gold
d56d2fd2-c99f-465a-815d-d101ab2d0a3a,Florida,FIN018,177312,3/18/2022,2,gold
3772e815-870a-44ba-bb8c-4cc58ecebdfc,Louisiana,FIN015,1028373,3/19/2023,3,gold
ed42d9a2-f1c0-466e-839e-c30b918b8bdc,Kentucky,INS012,1099620,1/18/2022,5,bronze
1515141e-fcae-4294-b96a-3f6f0b4146c6,North Dakota,FIN014,395324,3/21/2022,6,bronze
1dbaec22-a839-4d01-ae75-52c7eb42ef82,New York,INS02,951454,1/30/2022,3,gold
bfb67841-b697-465d-a567-d778ef447f66,North Carolina,INV020,1234191,7/31/2022,4,employee
55415ed7-7f26-4a8e-9bf8-79ce5f9e7f3b,California,INS03,1466679,8/20/2023,6,gold
aba03ed7-8d79-48e0-ab5a-f3c2b46da0bb,Florida,FIN018,1177126,7/22/2023,8,platinum
bfb24525-596f-471b-a784-b39a55ba1da9,North Carolina,INS05,1271324,7/18/2023,8,gold
e74353b6-ca5b-4726-97fd-2248b7203404,New York,INS05,1432798,1/12/2022,8,employee
cff058f8-9859-448d-ac52-5c9e1d40ebbc,Pennsylvania,FIN017,592184,9/8/2022,2,platinum
6e6b86c1-67b2-4629-84ee-e45218550538,Oklahoma,FIN015,267741,6/19/2022,3,silver
de666ba6-60c1-44fa-9112-c2f636ee3626,New Mexico,INS010,1481140,6/9/2022,8,employee
09abf87c-c067-495c-a928-5ea66cfa3a98,Missouri,FIN017,134358,8/17/2022,9,silver
fda23b73-dd72-4707-a655-546798f22e88,Virginia,FIN014,1088632,3/31/2023,1,platinum
5ba435c5-74f6-433c-8d52-ef7f354fd0b6,Arizona,INS08,364206,2/11/2023,10,bronze
a592b50f-4d70-4a70-9468-1455cdda9180,Colorado,INS09,575465,8/1/2022,6,bronze
bb23f1d7-20ae-412b-a62c-5424df3acf36,California,INV020,1329222,10/11/2022,3,bronze
300a2e81-62a2-4fed-9b69-ea81153b91c5,Texas,INS012,559978,1/6/2023,5,employee
7db7ca66-c839-4ef6-9168-57223c5d29c4,Texas,INV023,1421758,12/2/2022,3,gold
f8fdfe84-d2ff-43f7-9a3f-ae4134119518,Minnesota,INS07,1047939,4/7/2022,7,employee
e278a407-7180-4ff2-ad92-55c266cf0f3b,Louisiana,FIN014,824960,7/4/2023,8,silver
9d5689c9-0830-44fb-956e-b62cfd164b11,New York,INV025,1102799,2/23/2022,8,bronze
d215e6b8-1ae2-4229-aba8-148153d6b2d1,Georgia,INV025,763225,5/31/2023,9,bronze
26bacd31-0245-48d9-a0fc-8073c17c14b6,Pennsylvania,FIN015,72913,4/26/2023,1,platinum
43d2c6bc-9d67-48ca-b432-f1971372a333,Oklahoma,INS06,1195949,12/14/2022,10,bronze
cea3fb97-848d-4499-a0d6-957864e06a0b,Louisiana,FIN017,143531,8/25/2022,6,employee
7476d4ff-0eac-4223-ab6e-5fc68bbd83d3,New York,INV024,70842,5/28/2022,4,bronze
814ab505-b1ed-4a20-bc3b-d7de3718a6cc,Georgia,FIN013,1499515,1/15/2023,9,employee
d56fe25f-913f-4a54-82dc-d14af85b719c,Texas,INS04,8486,4/30/2022,3,platinum
ceadcdb5-0981-498d-9f66-e2622ebdad8d,Florida,FIN018,1335231,4/23/2022,2,employee
6d7022b2-5dc9-41e7-9fd9-0730a0c289c3,Massachusetts,INS05,265346,7/20/2023,10,silver
f0c6cb86-0b2d-44c5-9236-6a0cb4da41d6,Texas,FIN016,522763,4/25/2022,2,bronze
5f0d7297-4e2a-43ec-bec3-7c0a52655d7b,Wisconsin,FIN013,1335991,3/7/2022,7,platinum
f89b5f74-a991-4b5e-a00e-57078da14e5c,New Mexico,INS05,525762,11/29/2022,10,bronze
97ffd1c2-d658-409e-b836-4a3507b22f51,Pennsylvania,INS03,1069423,6/16/2022,2,silver
1256d0f7-1d77-48b7-9f48-9215931f5787,New York,FIN013,901329,3/31/2023,8,platinum
9dc300ec-9bf8-4327-948e-d4c7dd4b8932,California,INV021,1416511,5/3/2023,8,gold
f5a19561-43d1-4e76-9ba0-8b17ef9639ec,New York,INS06,391359,10/16/2022,10,platinum
4e021c61-2dee-4368-88e3-4c4db2422bf4,Tennessee,INV023,661256,2/19/2022,1,gold
bb2c3287-ca11-4c0b-9ae4-107058a1f1fc,Missouri,FIN018,328335,6/20/2023,7,gold
57c88376-4ac5-4aa6-b5b4-ca179df03697,California,FIN015,244273,5/14/2022,5,bronze
abfc7f83-8823-4006-8848-4687871366ac,Pennsylvania,INS010,748378,9/13/2022,7,employee
e0a43cca-ce9c-4783-9eae-85a238068b42,Mississippi,FIN014,103262,2/19/2022,2,gold
f8e0873c-73f9-4dec-be0c-ae6799e3d99a,Florida,FIN017,606853,6/24/2022,5,bronze
574ea1c1-2c4a-4be6-bbc7-8c2ed6d699ee,Florida,INV025,986426,1/10/2022,4,bronze
403c8b07-91f8-4c3e-baf7-72f85a9d8565,Kansas,INV023,90802,11/29/2022,8,employee
8ab71048-a6ca-46d5-aff5-20e2313a9b83,Texas,FIN017,24238,7/8/2023,6,gold
39918f54-c980-4a78-a6f0-1fa7166a83cd,Florida,INV020,293491,4/2/2023,5,bronze
7307f5ae-5d15-4bad-929d-498d6e7b44e7,Iowa,INS05,594073,1/30/2022,2,platinum
0a3c0a6b-ff17-4675-a7f8-063a257b588a,North Dakota,FIN016,931734,12/15/2022,4,silver
f2841161-89c1-45bd-9e54-8a002cb34571,Virginia,INS07,739921,10/6/2022,7,employee
d1b6be8f-8e4c-4715-9058-a1d2307e32a7,South Dakota,INS05,1474907,11/27/2022,6,silver
7e06568a-2664-4113-ac5b-423e61b6bed9,Georgia,INV024,176167,5/1/2023,3,gold
0641aac3-4b7f-4a54-8d20-7adf6a3894bc,Minnesota,INS06,1293183,4/20/2022,7,gold
97729255-b2e7-47bc-940f-77dba5a46e6f,Pennsylvania,INV021,1231478,2/4/2023,5,silver
3ff16868-1afc-4269-82cc-d801917cfe4b,New York,INS03,1201590,8/1/2023,6,employee
7f75ee06-6992-4ed5-8a2d-ec6c8047b616,Ohio,INS02,646390,7/21/2022,10,employee
64b1c9bc-b088-4108-8213-8f70b9bb450c,Ohio,INV020,1024413,10/8/2022,5,platinum
153728f7-30ab-4eed-b174-0e9e57571bc5,Arkansas,INV020,223726,6/28/2023,5,silver
b9ba80e8-4692-4e18-8dc7-2e1bd6c2276a,Ohio,INV025,870061,1/15/2023,6,silver
8d53f98d-4d3e-42ac-b1e1-1974f43f25e6,Illinois,INS06,974028,4/7/2023,5,gold
0a33058e-1558-4b97-9914-3d59b9bace69,Indiana,INV023,1445340,6/11/2022,9,bronze
7d9df67f-ba42-4a23-b0dd-6a26814fee28,Ohio,INV021,357035,6/1/2022,2,gold
5a17094a-9474-4aa0-91a2-36f941eaa242,New York,INV022,888637,1/18/2022,8,gold
7ca68027-367b-4227-bd67-299e57e28a51,Tennessee,FIN019,546131,8/12/2022,3,platinum
197ee81d-373d-46de-905e-b5ffbdefa083,Pennsylvania,INS06,963812,1/18/2023,9,silver
f710acfd-397c-4736-b5ea-678a44e48e65,Texas,INS08,1469522,1/18/2022,4,platinum
ef96f078-4af7-439f-aa3c-a5ed780a359e,Florida,INV020,101799,2/15/2023,8,silver
6f97b886-d5cb-47d5-9dd0-48bc621499a8,New York,INS07,406923,3/11/2023,2,bronze
f507b8f9-4826-4fd7-85c8-d643ea90ea4c,Louisiana,FIN019,1423528,3/31/2022,8,employee
1e2f83ae-611d-4751-ae7b-17e9bee3a803,Michigan,INS011,805629,3/17/2022,6,silver
d6b3ce85-7b70-4c64-a925-3290636a4c29,Alabama,FIN014,294087,8/22/2022,6,platinum
f2f55308-c221-4763-a3bf-ee6f23c04196,Oklahoma,INS05,644439,7/3/2023,5,gold
df61dbd2-9541-4f4c-883c-d9db1a060192,Texas,INS09,510987,5/3/2023,1,gold
b01ba462-db9c-490c-ba82-ce8d5a622c7b,New York,INS08,1058393,10/24/2022,6,employee
869e6572-b520-480b-92bc-4778e7d12de9,Pennsylvania,FIN016,408106,1/17/2023,5,silver
9518ea0c-7a50-43ed-a369-95329185b81e,New Jersey,INS09,149801,7/23/2022,3,gold
6cd8bc72-9e09-4e43-910a-328e632bbc22,Iowa,INS07,1123851,8/16/2022,9,gold
a246fdf6-bdbf-4c49-80c3-93ed17b8b292,Arizona,FIN014,1217935,4/14/2022,2,platinum
72876f43-3c88-499b-befc-5fee06fa61e4,Texas,INS08,308846,2/26/2023,4,silver
24147e50-0cb9-4fa8-b368-ec867d0f33af,Minnesota,INS07,615065,12/26/2022,2,gold
4ecc9878-3f0b-4bab-8dec-c15139563310,Indiana,FIN019,752522,3/22/2022,3,gold
43346cf6-bb87-4531-89a8-5e1eb252ec3d,Ohio,INS09,1289352,6/9/2022,8,bronze
da12e531-d93d-4d0a-821e-a70e3622e511,Texas,INS012,601841,1/9/2022,7,employee
43cb2ff3-f9f7-456b-a7a7-d40eb87f39ff,Minnesota,FIN017,246436,6/17/2023,9,platinum
dd4aa15a-4da1-4260-8833-ad0b03db32e1,Texas,INS08,319781,12/22/2022,5,employee
3886e9db-734a-4f49-97aa-75eb189ef3e9,Georgia,INV020,1134182,5/12/2022,3,gold
171f15a3-6651-4305-ac7f-bb19d1c37c58,New York,INV022,871462,3/20/2023,4,platinum
00bec1dd-5a6f-4787-bc0d-0705a3bed670,California,INS012,581975,3/21/2023,3,silver
8620e574-c26f-44ee-9d89-2918e0237ed8,California,FIN014,263467,1/15/2023,3,silver
0d5d57e6-b78a-49a6-ac1f-bb9a8667a36b,Texas,INV020,456670,6/18/2022,6,gold
d0b2f5a1-745d-43be-b505-6e2cd2b3a8e1,Texas,FIN013,914790,1/31/2022,10,silver
39b7e2ab-176a-440a-acb5-888cc920750f,California,FIN017,1254096,5/24/2023,6,gold
82645ab5-e343-470c-9660-99ceafe3f5e2,Missouri,FIN018,467911,1/16/2022,9,platinum
c99823a5-8520-4dbf-af70-ea71d6bf93e2,Florida,INS012,24542,6/14/2022,5,silver
93b3bf64-d67d-49d5-ae64-9fe000bfb38d,Pennsylvania,INV021,931039,12/9/2022,6,gold
78db1808-1182-4354-b4af-bfe8847d42c8,Louisiana,INS03,440658,2/12/2023,2,silver
6810f763-f7a9-48c0-bc28-cb8d6b889ac5,Minnesota,INS08,1397206,12/18/2022,5,silver
774f96f3-b933-4ab4-9f5d-5f6158840fda,Oklahoma,INS010,522662,11/24/2022,2,employee
5eff4346-c6c6-4e0c-a3f1-ab00be4c7c4a,Virginia,FIN018,411835,8/8/2023,8,silver
4c78f85d-a457-4c81-81f7-101c8efb1481,Florida,FIN016,67673,3/1/2023,7,bronze
e244eaf8-f4e3-43af-a46a-c2edf74f6995,Missouri,FIN015,371065,11/29/2022,8,silver
cc032ccd-8f36-4ef4-84da-80936fbdf693,Florida,INV025,1352655,9/24/2022,6,bronze
77e0cb1e-6ce2-42e8-a4de-d0cb498c98f0,Ohio,FIN014,390625,5/30/2022,8,gold
e93af2b0-f0a5-47a5-b271-dbb12f97d103,Virginia,INS012,750085,5/18/2023,6,silver
af1029b0-1550-4dcb-8693-1c7f10d4d9b0,Florida,FIN014,581620,5/19/2023,5,employee
a2197aa3-b542-485a-838b-00f1e76fdb43,California,INV022,821025,11/13/2022,1,gold
dea30b06-cd13-4cc1-8318-945a8adc6b6e,California,INV025,400835,3/4/2022,6,employee
d00c953e-305a-4254-a7f3-6c124b3e3a6a,Florida,INV025,818715,3/21/2023,4,silver
e22f3dd9-ceff-48c2-8f27-94098f13fce1,Florida,FIN018,169111,6/14/2023,2,platinum
e0f54eee-2602-4663-8859-67f86794e273,Oregon,INS012,255209,12/2/2022,2,platinum
195839e8-0132-4630-a580-758ca7c2f4b0,Idaho,INV023,261060,9/25/2022,2,bronze
6b6c1c31-b4e9-4ad0-88d3-8fd7573e15c5,Illinois,INS03,1024975,1/5/2022,3,gold
e0d99a2b-8856-429a-9eb6-cd2ee135f1b9,Wisconsin,INS011,323589,2/5/2023,10,silver
4b7bb293-9b98-40f9-b437-a859010b7259,Indiana,FIN017,143584,2/2/2022,5,platinum
e8de28ff-b2fd-4133-856c-79c26bf29877,Virginia,INV021,181105,7/23/2023,10,bronze
2d200d5e-5d71-4863-9818-eb21a7456ae0,District of Columbia,INS04,833995,8/14/2022,1,gold
0d08ef72-0bb2-42ff-9d9b-7aeda4d2a72a,Texas,INV024,997116,6/21/2023,10,bronze
16f428ac-b4ab-4e12-a8be-5825fd0e6f20,Georgia,FIN013,176678,5/3/2022,3,bronze
0f6443ec-4e7c-4de8-a821-f272fb468b90,Virginia,INS03,223343,11/1/2022,9,silver
4991f9af-697b-482d-845c-c2212349c889,California,INV021,1107258,9/28/2022,1,bronze
0aa661cc-8696-465c-b590-81983190a618,Texas,INS011,225371,9/12/2022,7,silver
2b810067-75e8-450a-b18d-c39c6cae44a0,Indiana,INS07,428536,8/11/2023,1,bronze
16f65bf9-d757-47be-b8d5-210fa476dad0,Virginia,FIN013,485040,5/15/2022,10,employee
75604114-c6d0-40f5-8fbe-83926d1a1617,Montana,INS04,58141,3/13/2022,2,gold
57602e34-68c6-4af8-b342-14cd1208e654,Florida,INS07,1065216,9/14/2022,9,silver
4db6245d-0779-48d5-a30e-377d50776498,Louisiana,INV022,710373,2/22/2023,7,gold
08ab0555-0076-43f4-9c76-2aa4276822ca,Hawaii,INS02,754578,1/20/2022,3,bronze
a9b40791-792a-4c30-8e73-1871885377ae,Colorado,INS08,1021786,2/21/2023,2,silver
89c58c16-2ab1-45f2-a95d-899db50d0918,Florida,INV021,1458939,2/12/2022,5,bronze
b05e2a96-fd5d-4c11-a7f3-8eb4c5fe5426,Texas,FIN016,160200,8/31/2022,7,employee
f7f5416c-7b93-4a91-8c0c-37f2461689cf,California,INS012,1271444,3/26/2022,6,platinum
2d614c1c-7579-4eab-ae27-f786658a1681,California,INS010,1497192,4/21/2023,7,silver
3a1d3e26-d5ee-4c6a-8489-46fa1f57ed9a,Virginia,INV021,304239,12/23/2022,2,gold
e8319e37-9a46-4650-92ed-8729be1eca0b,California,INS09,1229750,1/4/2023,4,platinum
fd1898b2-025a-492e-a8da-cf0ad16a1d28,Indiana,FIN014,1178524,5/19/2023,5,silver
30e3d2c4-bda6-44a7-97dc-b1bfe63aa564,Georgia,INS06,511322,4/25/2023,7,employee
7f5aeab3-970d-4269-a13a-cec30c609bc4,Minnesota,INV020,707286,7/7/2022,7,bronze
509b8f13-842d-4eba-b8be-0d77e3d197bb,Tennessee,INS06,1093565,3/14/2023,10,silver
d9dac492-5f3a-4adb-b3ff-8ae64f571b10,Mississippi,INS011,4954,10/12/2022,3,employee
0fe65d86-f05a-4dc6-b9fd-17b34da3ed96,Florida,INS02,334928,7/7/2023,9,platinum
535557d7-2b30-4617-85c5-c4cdb2fbd853,Ohio,INV020,1437332,7/24/2023,1,silver
f7de050a-ff75-4607-b4aa-3768d0f9515a,Texas,FIN018,1229836,12/31/2022,1,platinum
5dcfd53f-fb87-421f-ae79-b14079c92245,Wisconsin,INS06,1475403,12/23/2022,8,bronze
179014c8-abcc-4b9e-8e24-09cbeefd3a28,Missouri,INS09,871788,4/29/2022,5,gold
04a5238c-a5be-4233-bc56-7827bde16614,New York,INS05,492178,3/31/2022,3,silver
c1e9dcef-8687-438b-a9a4-6a9397251ba1,Arizona,INS011,1096966,9/23/2022,7,employee
05d82208-887a-44ca-84dc-38fad57ff00d,Massachusetts,INS03,68012,6/6/2022,4,employee
771a2f46-cf6b-4eb7-a871-0ffae5964e69,California,FIN016,297049,3/21/2022,8,silver
9d37c74b-8f13-43ad-a898-02da01b7a544,Texas,INV020,147997,4/28/2023,8,silver
fbe5cb6f-13cc-4a0c-be0a-3048e7750712,New York,INS011,539356,9/21/2022,6,silver
6e46e127-fff4-4ea4-a0fa-f165e03001e6,New York,FIN019,1038433,6/22/2023,8,employee
e546fed1-1577-4058-966d-f67f0a2cef76,Pennsylvania,INS03,23304,4/10/2023,2,bronze
ccdcc298-0ab8-4cd1-aa6d-71ea04e4ed52,Indiana,INS04,605626,2/23/2023,7,gold
0ae2a1a9-cc65-4d9d-bd99-54ee15aa775e,California,FIN013,595351,7/14/2022,3,employee
a682b041-a2e6-44d5-8e1c-9ec8ed297a4b,Oregon,INS02,109397,3/15/2022,1,bronze
4ab9f75d-50d3-45be-af27-8acf9b330546,Missouri,FIN019,151224,5/3/2022,5,bronze
e7b0a71a-1e53-45fa-be12-e0987db268ba,Georgia,INV021,876171,6/10/2022,2,silver
e65c46c0-8743-4147-8e1d-0af71e00c606,North Carolina,INS05,509318,5/10/2022,5,gold
51ee8b04-6cb7-4bad-9d9d-ca23ac092d51,New York,INV023,241616,5/24/2022,9,employee
b9ee62f4-9244-40a8-aed0-e1d31cc23914,Florida,INS010,223973,8/4/2023,5,silver
210e7879-d0f5-4c14-9b89-ad53ad316ace,Connecticut,INV022,744477,3/30/2023,4,bronze
e84996c9-5e4c-4c0b-8cdc-a40de7c0ae65,Illinois,INS05,1077110,6/1/2022,10,gold
59dfd85d-4f64-45d9-8149-1910035573fc,New York,INS03,297191,10/8/2022,8,platinum
644eb187-bfbb-4862-86e8-5f70961a01aa,Louisiana,INV025,1396518,8/26/2023,1,bronze
003d93f5-453b-4103-96cc-2151a751f227,New York,INS011,747779,6/8/2022,8,platinum
9ef69f9a-15cb-4569-9c48-19c88f2d3ac5,Delaware,INV021,353989,2/21/2022,10,gold
68446692-7944-4990-8a1d-72a2a74d1f6e,Florida,INV020,194591,5/9/2023,3,gold
a5d8b83a-f1d1-4685-9964-15d3d77c9bfe,Texas,INS07,720835,8/17/2023,7,gold
aef2fdbb-516f-438d-a3e7-70cd4a612725,Nevada,FIN019,427956,1/5/2023,4,gold
4d6ea869-981e-4823-b42c-2e9645859e99,New York,INS03,1419634,6/25/2022,3,employee
c1bf6b2f-a9f4-451c-b26a-52df43746830,Virginia,FIN013,1376902,1/7/2023,3,silver
a4efb888-58ea-48e8-88b5-0a02fc3b066d,Texas,INS07,1389134,5/14/2023,10,employee
eab903b0-deb4-4339-9656-9fbb176ec5ec,California,FIN014,175178,9/17/2022,6,silver
4140b32a-c93e-4672-b81e-3605b15014de,Minnesota,INS03,13534,8/7/2023,1,silver
fdd0f6a5-1098-42b8-bf1e-6ca6f0207330,Colorado,FIN015,420888,3/3/2023,2,employee
7297ec45-9adc-4fff-a2d4-9bf4ec7db29e,Florida,FIN016,273775,3/11/2023,6,platinum
7820f36d-6a35-4db7-8064-9fcb53493827,New York,FIN016,56126,7/4/2023,9,platinum
cb105439-81f5-4a7c-a96e-f62db99c1c29,Arizona,INV024,760099,10/2/2022,1,bronze
83f015fc-0f1a-411b-894a-75090b3b1d31,Washington,INV021,42662,8/1/2023,5,employee
57b31697-652f-40b3-a52e-55376c8057eb,Illinois,INS08,983737,2/9/2022,3,silver
ac941255-f985-4fee-add0-d28fe2333228,Pennsylvania,FIN017,810577,4/6/2023,6,platinum
af4aa142-9d50-46bf-8a14-44001a4c8933,Florida,INV022,1439853,3/5/2023,10,employee
95537665-2f0a-48ad-92a6-91a6a2a079f1,California,INS02,937225,4/13/2022,2,bronze
c45091af-0a0c-4a99-895f-6b2fd21a8985,Ohio,FIN017,1039146,5/24/2022,2,silver
0fb8e2b2-914f-4422-8a9a-02f0ea457522,Georgia,INS03,578267,5/15/2023,8,silver
ff8d2b71-29ff-4dbb-a288-a52382fe059d,Michigan,INV025,1338341,8/28/2023,4,platinum
e06e497b-3827-4941-889b-5b9872cd1bdf,Florida,INV021,698589,4/15/2022,10,bronze
7bd9899c-447f-4098-b26e-083eb75130b6,Florida,FIN014,911149,5/28/2022,4,bronze
a098b459-61c1-4caf-a76b-35ef7db87582,Colorado,FIN017,1335709,3/14/2023,6,employee
3938e681-8287-4d68-a8b8-574037c8bc38,Michigan,INS07,278869,5/23/2022,1,employee
430d6040-3451-44ef-8123-581611434d08,New York,INS05,421610,3/5/2022,3,silver
5e55876d-5078-48de-ab47-2aae414632c2,Pennsylvania,FIN018,620002,5/1/2022,8,silver
38dc0075-d093-4b16-b6af-26ebefe66ffb,Kentucky,INS07,44557,2/17/2022,5,employee
0db14689-a220-4811-8205-0c01039c7a44,Missouri,INV022,285817,5/14/2023,2,employee
d14c491e-8c83-4140-8bec-9b4cbc41744c,Texas,FIN013,38840,7/24/2023,10,gold
fc063530-fe7c-4b56-a7d9-3b1454d755d7,District of Columbia,INV021,1268949,2/24/2023,8,gold
c4ec08ae-cd3c-4ca5-b494-f962d5e22763,California,FIN019,717542,7/14/2023,4,gold
33c41af4-09fa-4c8f-86c9-dbb0ec80582c,Iowa,INS011,602509,4/15/2022,5,employee
dd494fb4-fa9c-4511-88db-a67651bad88c,North Carolina,INS09,764735,2/20/2022,6,employee
766564b7-bcaa-4156-8ad8-4e249411309b,Ohio,INS05,487652,2/7/2022,6,silver
c93bb215-8895-4d05-b17b-f6bc0e9d83b1,North Carolina,INV023,84536,7/11/2023,3,platinum
fb1e6c20-04d6-4543-9fce-4e8f4ca27446,Missouri,INS03,16521,4/28/2022,9,silver
cc27f954-562a-484f-92c9-7b2b61305431,Mississippi,INS04,658730,7/15/2023,3,silver
a9a12423-30ea-4222-ba48-7075508d8fc8,District of Columbia,FIN014,832621,11/19/2022,1,platinum
643eff7a-e879-43d7-a538-44d9466766cc,Pennsylvania,FIN015,135166,7/6/2023,7,employee
b304cf7e-154d-428f-9c5d-5eedff4ea927,Florida,INS010,1104300,6/30/2022,3,platinum
a7a62d7d-a53b-4e51-99e6-1ae8a0af3685,Illinois,INS010,222423,10/22/2022,5,platinum
fd8e32c6-2111-40fb-b8b3-8ce108c072f5,Florida,INV024,320034,2/3/2022,6,silver
1d4eb698-a851-4620-97d5-9535d3ab7b13,South Carolina,INS05,825620,8/17/2023,2,bronze
da1ecc22-c4e8-447e-9bb0-c079b14b3905,Alabama,INS04,542405,7/15/2022,4,platinum
83bbea5d-22ed-42a7-9316-48ebba31784e,North Carolina,INS06,705584,2/13/2022,5,silver
e23abca8-a3cb-44b6-8f3d-038dda43d288,California,INS02,1336231,4/11/2022,1,gold
d9d841f6-8241-4e21-b6d1-c060e6396417,California,INV024,321614,7/27/2023,5,gold
40b2e775-638d-4048-8ee3-a39c21e68c39,Indiana,FIN014,449463,1/5/2023,8,platinum
6f307d74-868a-4951-9d03-8f2e5dafcac2,Florida,INS010,1015494,4/25/2023,2,gold
09a5a25e-0210-4bd3-bf2b-87e37aea349a,Texas,INS05,432020,4/21/2023,1,platinum
34119716-7fc7-42f9-b116-f293382e6ee7,Delaware,FIN016,284217,3/19/2023,10,platinum
466df6e2-4a79-4e43-97bc-e4b5f60b127a,South Dakota,INV023,690703,7/6/2022,5,employee
b78d5e41-a2fb-4146-9521-b4b531545553,Florida,INS07,602040,1/13/2023,7,silver
19c38201-f4f2-45de-b0df-c0be865ee314,Minnesota,INS06,401003,12/29/2022,7,bronze
4fb5f89d-20ce-4607-b54f-a9c2727a4690,California,INV025,79503,8/13/2023,7,silver
246455f6-be38-4675-95e9-c42699ce2a8f,New York,FIN013,652820,10/16/2022,10,platinum
00792280-db22-4050-9aa0-8d632331f621,Kentucky,INV022,931669,5/31/2023,5,silver
a38b2a03-4292-45f0-9012-aef674c95d79,Ohio,FIN019,675766,5/5/2023,10,silver
2f6c7958-bcbc-458d-9257-8e71dbb70732,Texas,INV024,1317375,12/5/2022,2,employee
abf29920-f20d-4c35-a864-0605eef1b325,Minnesota,INV021,1136976,5/10/2023,8,employee
6a201748-41ae-4cde-ad1b-fc87d9b64fcc,California,FIN018,1367451,8/1/2023,5,gold
e91c70b5-7334-482e-94fe-9f366be5dbda,Oklahoma,FIN019,706867,4/15/2022,2,bronze
98081b7d-74ed-4bf9-96fa-965fa333a6bc,Texas,INV020,1272329,1/8/2023,6,employee
600740fe-158d-46d3-ab29-c94c753aadf8,Iowa,FIN014,395933,11/30/2022,2,platinum
3e119b63-63a0-4a89-9f9e-63036aace874,Florida,FIN015,22704,12/14/2022,9,gold
d7450461-0d42-420a-b485-9f2de9a4f2c8,North Carolina,FIN016,882907,3/28/2022,3,silver
6b53ec9e-a0cb-4118-8b44-9862604acf01,Texas,INS05,191980,6/23/2023,7,bronze
fde3c149-1556-4395-879b-a98fb6652f2e,Florida,INS05,456075,12/21/2022,8,employee
1251c0e2-6472-485a-9982-41aaaf277dbf,Texas,INV023,776318,7/18/2023,1,bronze
9b69ab69-fdf2-4fcf-a29d-01a479956511,California,INV025,181689,9/17/2022,9,silver
0ee47af1-d8ab-4975-8e93-96b1b774222d,Missouri,FIN014,578721,7/22/2022,1,gold
8f0f4acb-3fa1-48eb-b379-2d6fc9cadc09,Colorado,FIN014,768912,5/29/2023,6,platinum
894d1a74-ed97-419d-a326-a76ba4de1653,Texas,INV021,567558,5/5/2022,5,gold
7513a744-ff4b-4a8c-95c9-4073c9612a5a,Illinois,FIN016,858150,8/2/2022,7,platinum
ec36fd21-e05e-4850-a7b2-240d6107ebe8,New York,INS07,803788,7/19/2023,5,platinum
eecff276-293f-4251-91d7-735ba283df5c,Texas,FIN018,1196703,8/5/2023,8,bronze
49671e33-40ba-4383-97a0-9db89c155873,Texas,FIN014,1432025,6/22/2023,2,bronze
5346efd7-3d55-43ae-aa19-b47874be5664,Oklahoma,INS03,331328,2/14/2023,6,silver
0a202f9e-f518-43a8-9696-a6f4bb2ab79f,Louisiana,FIN014,285460,7/22/2022,4,platinum
7d744721-fba5-4666-8f9c-c077440c2c6f,Kansas,INV022,580480,8/16/2023,3,gold
ae820d81-6091-42ad-84c4-048110304f5b,California,INS03,222990,9/27/2022,10,employee
bfae182c-6013-4be6-bd9a-a573653877d7,California,INS02,700914,5/4/2023,6,gold
2101b2cf-2965-422d-8a16-ed81d97fbffb,Indiana,FIN018,676581,3/7/2023,3,employee
483f8bfe-03cf-45d7-a42d-8aa9c614d192,Missouri,INS02,83011,5/12/2022,5,employee
595aeb1a-2659-4875-b71f-31c1e146f448,Florida,INS07,935034,1/11/2022,7,employee
eb720233-3a1e-42c8-a91d-fa4619c81567,Texas,INS012,204273,6/21/2022,6,gold
26e083d9-aa41-4e8e-a652-47b7ce9393ca,West Virginia,INV024,593064,7/2/2022,2,gold
d4bc49cb-8d07-4ddd-a92b-6834c7b32a7e,Nevada,INS08,283570,6/22/2023,2,bronze
8d5b64b3-ad89-4bd3-977b-36a2a5c7f931,New York,INS011,94663,2/2/2022,8,gold
dc56c74c-9498-4d04-a523-f974824f2466,Missouri,INV023,814294,3/29/2023,1,gold
fa38fe26-380e-435c-9c31-aef45d8ab2e1,Louisiana,INV025,1021993,1/12/2023,6,silver
bcbdadd7-d478-4dd1-b9ad-659a39311b15,California,FIN015,119715,8/3/2023,5,platinum
c476ca13-e466-4eca-a89e-6a6622174339,Florida,INS07,109968,4/30/2022,3,silver
d30f0da5-631d-47cf-9697-414f5ff07a4e,Virginia,INV021,818212,9/21/2022,10,platinum
ae3b875b-5c33-4e94-b1d1-0c34dde59349,Louisiana,FIN018,706363,5/28/2022,8,silver
1ff7de3f-2503-48f9-a3df-e83c11872ca0,Louisiana,INV024,160645,6/4/2022,3,platinum
8a4cdffd-0937-481c-a15a-dee8672ec1f2,Utah,FIN017,293193,3/31/2022,3,silver
43df7b69-836e-4281-a9a2-bcc05e7a3cde,California,FIN016,785311,4/26/2023,5,employee
5ea29825-3418-4db8-a5d1-fb5b33550842,District of Columbia,INS02,806297,8/22/2023,5,employee
cd897cf0-82b6-4736-815f-2dc914052af4,North Carolina,INV025,853418,2/26/2023,2,silver
a6d117e2-1533-4b9e-a2ea-f0afe6e0505a,California,INS012,1028950,8/8/2023,9,bronze
6c4879fc-4b21-4e2c-b938-d64e11ccf847,California,INV025,1069367,7/21/2022,9,gold
2797c5fd-4078-419a-84ad-e421e6a64d4a,Minnesota,FIN019,1217285,4/16/2022,1,silver
50dfee24-0e6e-4ff5-8174-23e388fa1f77,South Carolina,INS05,846715,2/25/2022,9,silver
f33970c1-ee47-4603-96e5-81418d1e5ed5,Iowa,INS012,154817,10/31/2022,8,platinum
3a7b006f-420f-403c-8887-2a831b30db0a,West Virginia,INV021,1284472,8/11/2023,8,gold
e721a449-d2cc-4e8e-8d9f-d9e4ddc9c243,California,INS03,399933,5/26/2023,10,platinum
f77f0ab6-bba7-4cc0-a21d-f212cedc3c9b,Nevada,INV022,943380,11/3/2022,7,employee
d7211e00-d550-4b98-ae19-1c04c4699579,Arizona,FIN016,1122459,3/23/2023,6,employee
cdb71827-4292-4c1a-8854-e79040d4b50d,Pennsylvania,INV023,535264,5/25/2023,8,gold
3847f744-089d-4474-bd8a-d14740722762,Oklahoma,FIN018,942238,4/15/2023,6,gold
0bb87db1-dc07-40d4-a864-d6c90c7e7505,Missouri,INS05,208803,7/4/2022,10,silver
7621c2bd-98de-4c73-90c2-b16324f4eb65,Iowa,INS07,872050,2/10/2023,4,bronze
2634a94d-6d04-4b23-bda6-c7587dc20ab6,Oregon,FIN017,1133327,8/27/2022,6,bronze
57d29472-1247-4490-b6fb-149c361df009,Georgia,INS012,998945,3/7/2022,10,silver
a9bac3c5-32bb-44b5-9608-f4b785469ee8,Arizona,INS05,770046,6/26/2023,5,bronze
bc21cc15-53e6-4b5a-b43c-c8ca66f6a34e,District of Columbia,FIN015,1179291,6/2/2022,8,platinum
5951b335-d075-4d6d-9539-ef11bbc9027b,Maryland,INV020,22251,8/23/2023,4,employee
540080f4-ce6a-4f33-8575-95706156cde1,North Carolina,INV025,482433,1/23/2022,1,gold
90e1be1d-3f7f-4385-917a-59d4be017ed2,Michigan,INV025,794162,1/31/2023,9,platinum
174e7096-2840-42cf-a651-c14ae95ae1fa,Indiana,INV025,1259815,3/19/2022,2,employee
0c17cf63-3a4d-4b88-9f20-354cfb4f0969,Florida,INV024,272593,8/12/2023,4,bronze
36e261e1-8f08-4080-b2be-ee0cf1b6056f,New York,INS09,179739,4/14/2022,5,silver
31c422e2-ae38-44e6-8301-1eaec448afe9,California,FIN017,943265,2/21/2023,5,gold
32bbe81f-0ea7-4425-aced-a3af39fdedff,Florida,INV025,1325779,1/16/2023,1,gold
f718c0bd-b47e-43c2-aa40-b49accb13115,Indiana,INV022,47393,5/22/2022,6,bronze
aa6de832-d46a-4724-ad09-3dc44d6fa81c,Nevada,INV024,562295,2/28/2023,10,platinum
0f6ab91a-4c3c-48ee-b895-ba854f9dfe69,Nebraska,INS08,1013938,2/24/2023,9,bronze
0f3969e4-fab0-44c7-ace7-299d722451fa,Florida,INS04,375328,4/15/2023,2,platinum
e705e5cc-447c-43b9-acf5-d4df3fa8a1aa,Texas,INS08,972272,5/2/2022,5,bronze
831dd50f-3d21-4d89-9523-76fd1d71af0a,California,INS02,899603,8/19/2023,8,employee
c8b766c8-2479-4da1-b232-8638d1094c73,North Carolina,FIN016,1170221,4/28/2023,6,platinum
8ba6b4c8-6d9f-456e-a754-04ad4d9415a4,Texas,INV021,1167289,8/26/2023,1,employee
c2654400-26ff-40a4-aa5d-94fa142a452c,Maryland,INS08,98702,6/27/2023,9,platinum
fecf8adf-56a2-4a9c-a3b5-1581ef2d2083,Georgia,FIN019,1392383,2/22/2022,10,platinum
4b4deba5-0807-4e01-9c49-9fc059d5eed5,Ohio,INS010,764179,5/7/2022,10,platinum
2a520975-76e5-4a5f-a8af-b252b0f4e5f5,Ohio,FIN017,267480,5/17/2022,1,platinum
7cfd729b-d8ee-4898-8d45-fba3e69fb204,Ohio,INS05,988074,8/17/2022,4,bronze
dede4d1e-8efb-48a9-a68e-b0a5e557f663,New York,FIN017,961457,4/2/2023,10,gold
a127d446-5efb-4f69-9af2-b01b54a84ccf,Pennsylvania,INS03,1130495,10/25/2022,2,silver
994a5ae0-c16d-49d2-b597-06c9fc26d724,California,INS04,1127487,3/3/2023,1,silver
dfdf5fa2-82f7-4261-8cb2-b8d40e9dd9d6,District of Columbia,FIN016,466766,7/31/2022,6,gold
9d1ffa4b-735b-46bc-b1af-f6e1fcab0e44,Michigan,FIN016,739099,5/6/2022,3,bronze
e2afd03b-91ae-47c8-b459-a4a9a4b294a5,District of Columbia,INS012,1386237,5/9/2023,3,silver
36023262-67b8-4c2e-86c7-4dbb0e44c391,Florida,INS09,1172997,11/1/2022,4,silver
df7e8ffc-9853-42cd-abb4-1405ba856f7c,North Carolina,FIN013,1213119,3/1/2023,4,employee
950d2b5c-786c-45f1-aff3-616ff30211c9,California,INS09,724161,7/30/2022,6,employee
3a0473e3-f321-4c30-9f9b-4e6c26522493,Texas,INS012,238145,4/23/2023,10,employee
a16ad9b7-e5c1-495c-94ee-202c1d18c8e3,Ohio,INV024,695850,2/21/2022,4,employee
99a2e731-ae50-4ac7-9f90-416969c61594,Michigan,INS05,674324,5/11/2023,1,bronze
07d0a7c4-76b0-4181-a5c5-700b96cd3975,Texas,FIN018,404173,8/3/2022,3,bronze
6f1d1fea-1d07-47f2-89e6-0b55ac04817a,Missouri,INS06,464075,8/29/2023,3,employee
1107133b-23fa-4b23-923b-bec601710ea7,Oklahoma,INS010,885220,6/29/2023,8,silver
9aea0c8f-ada9-474b-9f05-e6a56c3a92d6,District of Columbia,INV025,894128,8/18/2023,3,employee
3f0d5876-f181-4524-947a-c8200cbdf887,Colorado,INS08,1377152,4/16/2023,5,silver
f84cae4b-fc58-4593-b597-df122ffe36f7,Minnesota,FIN014,1344305,5/18/2022,7,gold
c08996a8-c4f0-4c05-9404-1933ddc8dcaf,Maryland,INS04,1241513,2/14/2022,3,platinum
2a949fb7-e009-4f7a-ba8f-bc2b56298b77,Illinois,INV025,444715,8/5/2022,8,platinum
aff33b35-90b1-4fa3-93dd-b2ac512e89ba,District of Columbia,INS03,953663,1/9/2023,4,gold
401cd90a-3744-4b54-a7e8-2ca105bae256,Pennsylvania,FIN013,890744,11/28/2022,1,gold
f3a1e91f-ad16-4beb-a661-da24e64320c4,New York,INS05,1381054,1/16/2023,9,gold
3b0029d1-e919-450a-b859-2081fcfd16b5,West Virginia,INV020,862512,9/21/2022,3,silver
9c6ae3cc-1090-45d3-bcb5-3c987ce9f96c,Virginia,INS02,945275,2/13/2023,2,bronze
1c2ebe09-f9fa-4d78-abd9-7489ecd8df55,District of Columbia,INV025,880815,4/25/2023,5,silver
d287b471-13b0-4d6f-9565-370409919beb,Texas,INS07,122735,4/16/2022,1,gold
4831971a-e28f-4cc0-aaae-2110f5d58898,Alabama,FIN019,1114992,4/16/2023,7,platinum
d01a0b63-d51b-4b97-adfc-d457e8925ed6,California,FIN019,1156329,2/26/2023,10,employee
519ca5ed-4eaa-49d0-bfa3-6a62aed35dec,New York,INS07,738295,2/17/2023,2,bronze
